Time,Pedal Position Reading,PWM
0,869,0
0,869,0
0,869,0
1,868,0
1,866,0
2,865,0
2,865,0
3,864,0
3,863,0
5,863,0
7,863,0
9,862,0
11,863,0
13,863,0
15,863,0
17,863,0
19,863,0
21,863,0
23,863,0
25,863,0
27,862,0
29,863,0
31,863,0
33,863,0
35,864,0
37,863,0
39,863,0
41,863,0
44,863,0
46,863,0
48,863,0
50,863,0
52,862,0
54,863,0
56,863,0
58,863,0
60,863,0
62,863,0
64,863,0
66,863,0
68,863,0
69,863,0
71,863,0
73,862,0
75,862,0
77,863,0
79,863,0
81,863,0
83,863,0
86,863,0
88,863,0
90,863,0
92,863,0
94,863,0
96,863,0
98,863,0
100,863,63
103,864,63
105,863,63
107,863,63
110,864,63
112,862,63
114,861,63
117,860,63
119,859,63
121,857,63
124,855,63
126,852,63
129,850,63
132,848,63
134,846,63
136,844,63
139,842,63
141,839,63
143,837,63
146,834,63
148,833,63
150,830,-63
153,827,-63
155,825,-63
158,822,-63
160,821,-63
163,821,-63
165,820,-63
168,822,-63
171,822,-63
174,823,-63
176,824,-63
179,825,-63
181,827,-63
184,828,-63
186,829,-63
189,831,-63
191,833,-63
194,834,-63
196,836,-63
199,838,-63
201,839,94
203,842,94
206,843,94
208,844,94
210,844,94
214,844,94
216,843,94
218,842,94
221,841,94
223,838,94
225,836,94
228,833,94
230,830,94
232,827,94
235,824,94
237,820,94
239,817,94
242,813,94
244,810,94
246,806,94
248,802,94
251,799,-94
253,794,-94
257,791,-94
259,787,-94
262,787,-94
264,785,-94
267,785,-94
269,786,-94
272,787,-94
274,789,-94
277,791,-94
279,794,-94
282,796,-94
284,799,-94
287,801,-94
289,805,-94
292,808,-94
294,811,-94
297,814,-94
300,816,-94
303,820,75
305,823,75
307,826,75
310,828,75
312,828,75
314,830,75
317,830,75
319,829,75
321,828,75
324,827,75
326,825,75
328,824,75
330,821,75
333,820,75
335,817,75
337,815,75
340,812,75
343,809,75
345,806,75
348,804,75
350,800,75
352,798,75
355,795,-75
357,791,-75
360,790,-75
362,786,-75
365,784,-75
367,784,-75
370,785,-75
372,785,-75
375,786,-75
377,787,-75
380,789,-75
382,790,-75
386,792,-75
388,794,-75
391,797,-75
393,799,-75
396,801,-75
398,804,-75
401,806,-75
403,808,34
405,810,34
408,812,34
410,814,34
412,815,34
415,816,34
417,816,34
419,815,34
422,814,34
424,814,34
427,814,34
430,813,34
432,813,34
434,812,34
437,812,34
439,810,34
441,809,34
444,808,34
446,807,34
448,806,34
451,804,34
453,803,-34
455,801,-34
458,800,-34
460,799,-34
463,799,-34
465,799,-34
468,798,-34
471,799,-34
474,799,-34
476,800,-34
479,800,-34
481,800,-34
484,800,-34
486,800,-34
489,800,-34
491,800,-34
494,801,-34
496,801,-34
499,802,-34
501,802,-34
504,803,82
506,804,82
508,804,82
512,805,82
514,805,82
516,804,82
519,803,82
521,802,82
523,800,82
526,798,82
528,795,82
530,792,82
533,789,82
535,787,82
537,784,82
540,781,82
542,778,82
544,775,82
547,771,82
549,768,82
551,765,82
553,761,82
557,758,-82
559,754,-82
562,751,-82
564,748,-82
567,746,-82
569,745,-82
572,746,-82
574,746,-82
577,749,-82
579,749,-82
582,751,-82
584,754,-82
587,756,-82
589,758,-82
592,761,-82
594,764,-82
598,767,-82
600,769,-82
603,772,-82
605,774,1
607,777,1
609,779,1
612,781,1
614,782,1
616,784,1
618,785,1
620,785,1
622,785,1
625,785,1
627,785,1
629,784,1
631,785,1
633,785,1
635,785,1
637,785,1
641,785,1
643,785,1
645,785,1
647,785,1
649,785,1
651,785,1
654,785,1
656,785,-1
658,784,-1
660,785,-1
663,786,-1
665,786,-1
667,785,-1
670,786,-1
672,785,-1
674,785,-1
677,786,-1
679,785,-1
681,785,-1
685,785,-1
687,785,-1
689,785,-1
692,785,-1
694,785,-1
696,785,-1
699,785,-1
701,785,-1
703,785,-1
706,785,96
708,786,96
710,785,96
713,785,96
715,785,96
717,784,96
720,783,96
722,782,96
724,780,96
727,777,96
730,774,96
732,770,96
734,767,96
737,765,96
739,760,96
741,757,96
744,752,96
746,748,96
748,745,96
751,741,96
753,737,96
755,733,96
758,730,-96
760,725,-96
763,720,-96
765,716,-96
769,715,-96
771,714,-96
774,715,-96
776,715,-96
779,716,-96
781,718,-96
784,721,-96
786,724,-96
789,727,-96
791,730,-96
794,733,-96
796,737,-96
799,740,-96
801,744,-96
804,746,-96
806,749,20
808,753,20
812,756,20
814,759,20
816,761,20
819,762,20
821,762,20
823,762,20
826,762,20
828,762,20
830,762,20
833,761,20
835,761,20
837,761,20
840,761,20
842,760,20
844,760,20
847,759,20
849,759,20
851,758,20
854,758,20
857,758,-20
859,757,-20
862,756,-20
864,755,-20
867,755,-20
869,755,-20
872,755,-20
874,755,-20
877,755,-20
879,755,-20
882,755,-20
884,755,-20
887,755,-20
889,755,-20
892,756,-20
894,755,-20
898,756,-20
900,756,-20
903,755,-20
905,756,-20
908,756,25
910,756,25
912,756,25
915,756,25
917,756,25
919,755,25
922,755,25
924,755,25
926,754,25
929,753,25
931,752,25
933,752,25
936,751,25
939,750,25
941,749,25
943,748,25
946,747,25
948,746,25
950,745,25
953,744,25
955,744,25
957,742,25
960,742,-25
962,740,-25
965,739,-25
967,738,-25
970,737,-25
972,739,-25
975,738,-25
977,738,-25
980,738,-25
983,738,-25
986,738,-25
988,738,-25
991,739,-25
993,739,-25
996,739,-25
998,739,-25
1001,739,-25
1003,739,-25
1006,739,-25
1009,740,5
1011,740,5
1013,739,5
1016,740,5
1018,740,5
1020,741,5
1024,740,5
1026,740,5
1028,739,5
1030,739,5
1033,739,5
1035,740,5
1037,740,5
1040,740,5
1042,739,5
1044,739,5
1047,739,5
1049,739,5
1051,738,5
1054,738,5
1056,738,5
1058,738,5
1061,738,-5
1063,738,-5
1067,738,-5
1069,738,-5
1072,738,-5
1074,738,-5
1077,739,-5
1079,738,-5
1082,739,-5
1084,738,-5
1087,738,-5
1089,738,-5
1092,738,-5
1094,738,-5
1097,738,-5
1099,738,-5
1102,738,-5
1104,738,-5
1107,738,-5
1110,737,19
1113,738,19
1115,738,19
1117,738,19
1120,738,19
1122,738,19
1125,737,19
1127,737,19
1130,737,19
1132,736,19
1135,735,19
1137,735,19
1140,734,19
1142,733,19
1145,733,19
1147,732,19
1150,731,19
1153,731,19
1156,730,19
1158,729,19
1161,728,-19
1163,727,-19
1166,726,-19
1169,725,-19
1171,725,-19
1174,726,-19
1177,726,-19
1179,726,-19
1182,726,-19
1185,725,-19
1187,726,-19
1190,725,-19
1193,726,-19
1196,726,-19
1199,727,-19
1202,727,-19
1204,726,-19
1207,726,-19
1210,726,97
1212,727,97
1215,726,97
1217,726,97
1220,727,97
1222,726,97
1225,723,97
1227,721,97
1230,717,97
1232,713,97
1235,709,97
1238,705,97
1241,702,97
1243,697,97
1245,693,97
1248,688,97
1250,684,97
1253,680,97
1255,675,97
1258,671,97
1260,667,-97
1263,661,-97
1266,658,-97
1268,654,-97
1271,651,-97
1274,651,-97
1276,652,-97
1280,653,-97
1283,656,-97
1285,659,-97
1288,662,-97
1291,666,-97
1293,669,-97
1296,673,-97
1299,676,-97
1301,681,-97
1304,684,-97
1307,687,-97
1309,691,-97
1312,694,99
1314,699,99
1317,704,99
1319,705,99
1323,706,99
1325,706,99
1328,706,99
1330,703,99
1333,701,99
1335,697,99
1338,694,99
1340,690,99
1343,687,99
1345,683,99
1348,679,99
1350,673,99
1353,669,99
1355,665,99
1358,661,99
1360,656,99
1363,652,-99
1366,646,-99
1369,641,-99
1372,638,-99
1374,636,-99
1377,635,-99
1380,637,-99
1382,637,-99
1385,639,-99
1388,641,-99
1390,644,-99
1393,648,-99
1396,652,-99
1398,656,-99
1401,659,-99
1404,664,-99
1406,667,-99
1410,671,-99
1413,675,78
1415,679,78
1418,682,78
1420,685,78
1422,687,78
1425,687,78
1427,687,78
1430,685,78
1432,683,78
1435,681,78
1437,679,78
1440,677,78
1442,673,78
1445,671,78
1447,668,78
1451,663,78
1453,659,78
1456,656,78
1458,654,78
1461,650,78
1463,646,-78
1466,642,-78
1469,637,-78
1471,635,-78
1474,633,-78
1477,633,-78
1479,634,-78
1482,634,-78
1485,636,-78
1487,637,-78
1490,640,-78
1494,643,-78
1496,645,-78
1499,649,-78
1502,651,-78
1504,654,-78
1507,657,-78
1509,659,-78
1512,663,-78
1515,666,83
1517,669,83
1520,671,83
1522,673,83
1525,674,83
1527,673,83
1530,672,83
1532,671,83
1536,670,83
1538,667,83
1541,664,83
1543,661,83
1546,658,83
1548,654,83
1551,651,83
1553,646,83
1556,642,83
1558,639,83
1561,635,83
1563,632,83
1566,628,-83
1568,623,-83
1571,619,-83
1574,616,-83
1576,614,-83
1580,614,-83
1583,615,-83
1585,616,-83
1588,617,-83
1591,620,-83
1593,623,-83
1596,625,-83
1598,628,-83
1601,631,-83
1604,635,-83
1606,638,-83
1609,642,-83
1612,644,-83
1614,647,-83
1617,650,39
1620,654,39
1623,656,39
1626,659,39
1628,660,39
1631,660,39
1633,660,39
1636,660,39
1638,660,39
1640,659,39
1643,658,39
1645,657,39
1648,656,39
1650,655,39
1653,653,39
1655,652,39
1658,650,39
1660,649,39
1664,647,39
1666,645,39
1669,643,-39
1672,641,-39
1674,639,-39
1677,637,-39
1679,637,-39
1682,637,-39
1685,637,-39
1687,637,-39
1690,638,-39
1693,638,-39
1695,638,-39
1698,639,-39
1701,639,-39
1703,640,-39
1707,641,-39
1710,642,-39
1712,644,-39
1715,644,-39
1718,646,61
1720,647,61
1723,647,61
1725,647,61
1728,648,61
1730,647,61
1733,646,61
1735,645,61
1738,644,61
1740,642,61
1743,640,61
1745,637,61
1748,634,61
1751,631,61
1754,629,61
1756,625,61
1759,624,61
1761,621,61
1764,619,61
1766,616,61
1768,612,-61
1771,609,-61
1774,607,-61
1776,604,-61
1779,602,-61
1782,602,-61
1784,603,-61
1787,604,-61
1790,604,-61
1793,606,-61
1796,607,-61
1799,609,-61
1801,612,-61
1804,614,-61
1807,615,-61
1809,618,-61
1812,620,-61
1815,622,-61
1817,623,-61
1820,626,61
1822,628,61
1825,630,61
1827,631,61
1830,632,61
1832,631,61
1836,631,61
1838,630,61
1841,629,61
1843,628,61
1846,626,61
1848,623,61
1851,621,61
1853,618,61
1856,615,61
1858,613,61
1861,610,61
1863,608,61
1866,605,61
1868,602,61
1871,599,-61
1873,596,-61
1876,593,-61
1880,591,-61
1882,590,-61
1885,590,-61
1888,591,-61
1890,591,-61
1893,592,-61
1896,593,-61
1898,595,-61
1901,597,-61
1904,599,-61
1906,601,-61
1909,603,-61
1912,606,-61
1914,607,-61
1917,609,-61
1921,611,19
1923,613,19
1926,614,19
1928,616,19
1931,618,19
1933,618,19
1936,617,19
1938,618,19
1940,618,19
1943,617,19
1945,617,19
1948,617,19
1950,616,19
1953,616,19
1955,616,19
1958,615,19
1960,615,19
1964,614,19
1966,613,19
1969,612,19
1971,611,-19
1974,610,-19
1977,609,-19
1979,609,-19
1982,608,-19
1985,608,-19
1987,608,-19
1990,608,-19
1993,608,-19
1995,609,-19
1998,608,-19
2001,609,-19
2003,609,-19
2007,609,-19
2010,609,-19
2012,608,-19
2015,609,-19
2018,609,-19
2020,609,-19
2023,609,8
2025,609,8
2027,609,8
2030,609,8
2032,608,8
2034,608,8
2037,609,8
2039,608,8
2041,608,8
2044,609,8
2046,608,8
2049,608,8
2052,608,8
2054,608,8
2056,608,8
2059,608,8
2061,607,8
2063,607,8
2066,607,8
2068,607,8
2070,606,8
2073,606,-8
2075,606,-8
2078,606,-8
2080,605,-8
2083,605,-8
2085,605,-8
2088,605,-8
2091,605,-8
2094,605,-8
2096,606,-8
2099,605,-8
2101,606,-8
2104,605,-8
2106,606,-8
2109,606,-8
2111,605,-8
2114,606,-8
2116,605,-8
2118,605,-8
2121,606,-8
2124,606,86
2126,606,86
2128,605,86
2131,606,86
2134,605,86
2137,603,86
2139,602,86
2142,600,86
2144,596,86
2147,592,86
2149,589,86
2152,586,86
2154,581,86
2157,578,86
2159,574,86
2162,570,86
2164,565,86
2167,561,86
2169,558,86
2172,554,86
2174,550,-86
2178,545,-86
2181,542,-86
2183,538,-86
2186,535,-86
2189,535,-86
2191,536,-86
2194,537,-86
2197,539,-86
2199,541,-86
2202,544,-86
2204,547,-86
2207,550,-86
2210,553,-86
2212,556,-86
2215,560,-86
2219,564,-86
2221,567,-86
2224,569,39
2227,573,39
2229,577,39
2232,579,39
2234,580,39
2237,581,39
2239,581,39
2242,580,39
2244,581,39
2246,580,39
2249,579,39
2251,577,39
2254,576,39
2256,575,39
2259,574,39
2262,572,39
2265,570,39
2267,568,39
2270,567,39
2272,564,39
2275,562,-39
2278,560,-39
2280,559,-39
2283,557,-39
2286,557,-39
2288,557,-39
2291,556,-39
2293,556,-39
2296,557,-39
2299,558,-39
2301,558,-39
2305,558,-39
2308,559,-39
2310,561,-39
2313,561,-39
2316,563,-39
2318,564,-39
2321,565,-39
2324,566,46
2326,568,46
2329,568,46
2331,569,46
2334,570,46
2336,569,46
2339,568,46
2341,568,46
2344,567,46
2347,565,46
2350,564,46
2352,562,46
2355,560,46
2357,558,46
2360,557,46
2362,555,46
2365,553,46
2367,550,46
2370,548,46
2372,546,46
2375,544,-46
2377,541,-46
2380,540,-46
2382,537,-46
2385,537,-46
2388,538,-46
2391,537,-46
2394,537,-46
2397,538,-46
2399,538,-46
2402,539,-46
2405,541,-46
2407,542,-46
2410,543,-46
2413,544,-46
2415,546,-46
2418,547,-46
2421,548,-46
2423,549,-46
2426,551,37
2428,553,37
2432,554,37
2434,555,37
2437,555,37
2439,555,37
2442,554,37
2444,554,37
2447,553,37
2449,553,37
2452,552,37
2454,551,37
2457,550,37
2459,548,37
2462,546,37
2464,544,37
2467,543,37
2469,542,37
2472,540,37
2475,538,37
2478,537,-37
2480,534,-37
2483,533,-37
2486,531,-37
2488,530,-37
2491,531,-37
2494,531,-37
2496,532,-37
2499,531,-37
2502,532,-37
2504,532,-37
2507,532,-37
2510,534,-37
2512,533,-37
2515,534,-37
2519,536,-37
2521,537,-37
2524,537,-37
2527,539,11
2529,540,11
2532,540,11
2534,541,11
2537,541,11
2539,541,11
2542,541,11
2544,541,11
2547,540,11
2549,540,11
2551,540,11
2554,540,11
2556,539,11
2560,540,11
2562,539,11
2565,539,11
2567,539,11
2570,539,11
2572,538,11
2575,538,11
2577,537,-11
2580,536,-11
2583,537,-11
2585,537,-11
2588,536,-11
2591,536,-11
2593,536,-11
2596,536,-11
2599,537,-11
2601,537,-11
2605,537,-11
2608,536,-11
2610,536,-11
2613,536,-11
2616,536,-11
2618,537,-11
2621,537,-11
2624,536,-11
2626,536,-11
2629,537,9
2631,537,9
2634,537,9
2636,537,9
2638,536,9
2640,537,9
2643,537,9
2646,536,9
2648,536,9
2651,536,9
2653,535,9
2655,535,9
2658,535,9
2660,535,9
2662,535,9
2665,534,9
2667,534,9
2669,534,9
2672,534,9
2674,534,9
2676,533,9
2679,533,-9
2681,532,-9
2684,532,-9
2686,532,-9
2690,531,-9
2692,531,-9
2695,531,-9
2697,531,-9
2700,532,-9
2702,531,-9
2705,531,-9
2707,532,-9
2710,532,-9
2712,531,-9
2715,531,-9
2717,531,-9
2720,532,-9
2722,531,-9
2724,532,-9
2727,532,-9
2731,532,91
2733,532,91
2735,532,91
2738,531,91
2740,531,91
2743,529,91
2745,528,91
2748,525,91
2750,522,91
2753,518,91
2755,514,91
2758,510,91
2760,506,91
2763,502,91
2765,499,91
2768,493,91
2770,489,91
2774,485,91
2776,481,91
2779,476,91
2781,472,-91
2784,467,-91
2787,464,-91
2789,459,-91
2792,456,-91
2795,455,-91
2797,456,-91
2800,458,-91
2803,460,-91
2805,463,-91
2808,466,-91
2810,469,-91
2813,473,-91
2817,476,-91
2819,480,-91
2822,484,-91
2825,488,-91
2827,491,-91
2830,494,-91
2833,498,67
2835,503,67
2838,506,67
2840,509,67
2843,510,67
2845,512,67
2848,510,67
2850,509,67
2853,508,67
2855,507,67
2859,505,67
2861,503,67
2864,500,67
2866,496,67
2869,493,67
2871,491,67
2874,487,67
2876,484,67
2879,481,67
2881,478,67
2884,475,-67
2886,471,-67
2889,469,-67
2892,466,-67
2894,463,-67
2897,464,-67
2899,464,-67
2903,465,-67
2906,467,-67
2908,468,-67
2911,470,-67
2914,472,-67
2916,475,-67
2919,478,-67
2922,480,-67
2924,483,-67
2927,485,-67
2930,487,-67
2932,490,-67
2935,492,3
2937,495,3
2940,497,3
2942,498,3
2945,500,3
2948,501,3
2950,502,3
2952,502,3
2955,502,3
2957,502,3
2959,501,3
2962,501,3
2964,501,3
2966,501,3
2969,501,3
2971,501,3
2973,501,3
2976,501,3
2978,501,3
2980,501,3
2983,501,3
2985,501,-3
2988,500,-3
2991,501,-3
2993,501,-3
2996,501,-3
2998,501,-3
3001,501,-3
3003,500,-3
3006,502,-3
3008,501,-3
3011,500,-3
3013,501,-3
3016,501,-3
3018,501,-3
3021,501,-3
3023,500,-3
3026,501,-3
3028,500,-3
3032,501,-3
3034,500,-3
3037,500,33
3039,501,33
3042,501,33
3044,501,33
3047,501,33
3049,500,33
3052,499,33
3054,498,33
3057,498,33
3059,497,33
3062,495,33
3064,494,33
3067,492,33
3069,491,33
3072,490,33
3075,488,33
3077,487,33
3080,486,33
3082,484,33
3085,482,33
3087,481,-33
3090,479,-33
3093,477,-33
3095,477,-33
3098,476,-33
3101,475,-33
3103,475,-33
3106,475,-33
3109,476,-33
3111,476,-33
3115,477,-33
3118,477,-33
3120,477,-33
3123,478,-33
3126,478,-33
3128,479,-33
3131,480,-33
3134,480,-33
3136,481,-33
3139,482,97
3141,483,97
3144,484,97
3146,484,97
3149,484,97
3151,483,97
3154,482,97
3156,479,97
3160,476,97
3162,472,97
3165,469,97
3167,464,97
3170,460,97
3172,456,97
3175,451,97
3177,446,97
3180,441,97
3182,437,97
3185,433,97
3187,428,97
3190,423,-97
3192,417,-97
3195,413,-97
3198,411,-97
3201,407,-97
3204,406,-97
3207,406,-97
3209,408,-97
3212,411,-97
3215,413,-97
3217,417,-97
3220,421,-97
3223,424,-97
3225,429,-97
3228,432,-97
3231,437,-97
3233,441,-97
3236,444,-97
3239,448,52
3241,452,52
3245,456,52
3247,460,52
3249,462,52
3252,463,52
3254,463,52
3257,462,52
3259,461,52
3262,460,52
3264,459,52
3267,457,52
3269,455,52
3272,453,52
3274,452,52
3277,449,52
3279,447,52
3282,444,52
3284,441,52
3288,440,52
3290,437,-52
3293,433,-52
3296,430,-52
3298,428,-52
3301,427,-52
3304,427,-52
3306,428,-52
3309,428,-52
3312,428,-52
3314,430,-52
3317,431,-52
3320,433,-52
3322,434,-52
3325,436,-52
3329,438,-52
3331,440,-52
3334,441,-52
3336,443,-52
3339,445,14
3342,447,14
3344,448,14
3347,450,14
3349,450,14
3352,451,14
3354,450,14
3357,450,14
3359,450,14
3362,450,14
3364,450,14
3367,449,14
3369,449,14
3373,449,14
3375,449,14
3377,448,14
3380,448,14
3382,447,14
3385,446,14
3387,446,14
3390,445,-14
3393,444,-14
3395,443,-14
3398,444,-14
3401,444,-14
3403,443,-14
3406,443,-14
3409,443,-14
3411,442,-14
3415,443,-14
3418,443,-14
3420,443,-14
3423,443,-14
3425,443,-14
3428,444,-14
3431,443,-14
3433,443,-14
3436,443,-14
3439,443,3
3441,444,3
3443,443,3
3446,443,3
3448,444,3
3450,443,3
3453,443,3
3456,443,3
3458,443,3
3461,443,3
3463,443,3
3465,443,3
3468,443,3
3470,443,3
3472,443,3
3475,443,3
3477,443,3
3479,443,3
3482,443,3
3484,443,3
3486,443,3
3489,443,-3
3491,443,-3
3494,443,-3
3496,443,-3
3500,443,-3
3502,444,-3
3505,443,-3
3507,443,-3
3509,443,-3
3512,444,-3
3514,443,-3
3517,443,-3
3519,443,-3
3522,444,-3
3524,443,-3
3527,443,-3
3529,443,-3
3532,443,-3
3534,443,-3
3537,443,-3
3539,443,8
3543,444,8
3545,443,8
3547,443,8
3550,443,8
3552,443,8
3554,443,8
3557,443,8
3559,443,8
3561,443,8
3564,443,8
3566,443,8
3568,442,8
3571,442,8
3573,442,8
3575,442,8
3578,441,8
3580,441,8
3582,442,8
3586,441,8
3588,442,8
3590,441,-8
3593,441,-8
3595,441,-8
3598,441,-8
3600,441,-8
3603,441,-8
3605,441,-8
3608,441,-8
3610,441,-8
3613,441,-8
3615,440,-8
3618,440,-8
3620,441,-8
3623,440,-8
3625,441,-8
3629,441,-8
3631,441,-8
3634,440,-8
3636,440,-8
3638,441,-8
3641,441,3
3643,441,3
3646,441,3
3648,441,3
3650,441,3
3653,440,3
3655,441,3
3657,440,3
3660,440,3
3662,440,3
3664,441,3
3667,441,3
3670,441,3
3672,440,3
3675,441,3
3677,440,3
3679,441,3
3681,441,3
3684,441,3
3686,440,3
3688,440,3
3691,440,-3
3693,440,-3
3696,440,-3
3698,440,-3
3701,440,-3
3703,441,-3
3706,441,-3
3708,441,-3
3712,441,-3
3714,441,-3
3717,441,-3
3719,441,-3
3722,440,-3
3724,441,-3
3727,441,-3
3729,440,-3
3732,441,-3
3734,441,-3
3737,440,-3
3739,441,-3
3742,441,76
3744,441,76
3747,441,76
3749,440,76
3752,440,76
3755,439,76
3758,439,76
3760,436,76
3763,432,76
3765,429,76
3768,425,76
3770,422,76
3772,419,76
3775,415,76
3777,412,76
3780,408,76
3782,404,76
3785,401,76
3787,397,76
3790,394,76
3792,390,-76
3795,385,-76
3799,382,-76
3801,380,-76
3804,376,-76
3807,375,-76
3809,376,-76
3812,377,-76
3815,378,-76
3817,380,-76
3820,383,-76
3823,386,-76
3825,390,-76
3828,392,-76
3831,395,-76
3833,398,-76
3836,402,-76
3840,404,-76
3842,407,59
3845,410,59
3847,412,59
3850,415,59
3852,416,59
3855,417,59
3857,416,59
3860,415,59
3862,414,59
3865,413,59
3867,411,59
3870,409,59
3872,406,59
3875,403,59
3877,401,59
3880,399,59
3883,395,59
3886,392,59
3888,389,59
3891,386,59
3893,384,-59
3896,381,-59
3898,377,-59
3901,375,-59
3904,374,-59
3906,373,-59
3909,373,-59
3912,373,-59
3914,375,-59
3917,376,-59
3920,378,-59
3922,380,-59
3926,381,-59
3929,384,-59
3931,386,-59
3934,389,-59
3937,392,-59
3939,394,-59
3942,396,35
3944,398,35
3947,400,35
3949,402,35
3952,403,35
3954,403,35
3957,402,35
3959,401,35
3962,401,35
3964,401,35
3968,400,35
3970,399,35
3973,399,35
3975,396,35
3978,395,35
3980,394,35
3983,391,35
3985,389,35
3988,388,35
3990,387,35
3993,385,-35
3995,383,-35
3998,381,-35
4001,380,-35
4003,381,-35
4006,380,-35
4009,380,-35
4012,380,-35
4015,379,-35
4018,380,-35
4020,380,-35
4023,380,-35
4026,381,-35
4028,383,-35
4031,383,-35
4033,385,-35
4036,386,-35
4039,386,-35
4041,388,-35
4044,389,48
4047,389,48
4049,390,48
4052,392,48
4055,391,48
4058,390,48
4060,390,48
4063,389,48
4065,388,48
4068,386,48
4070,385,48
4073,384,48
4075,382,48
4077,380,48
4080,378,48
4082,375,48
4085,373,48
4087,370,48
4090,369,48
4092,366,48
4096,363,-48
4099,360,-48
4101,357,-48
4104,356,-48
4107,355,-48
4109,355,-48
4112,355,-48
4115,355,-48
4117,356,-48
4120,358,-48
4122,358,-48
4125,359,-48
4128,361,-48
4130,362,-48
4133,364,-48
4136,367,-48
4139,368,-48
4142,369,-48
4145,371,9
4147,373,9
4149,374,9
4152,375,9
4154,376,9
4156,376,9
4159,376,9
4161,376,9
4163,376,9
4166,376,9
4168,376,9
4170,376,9
4173,376,9
4175,375,9
4177,375,9
4180,375,9
4183,375,9
4185,375,9
4188,375,9
4190,374,9
4192,374,9
4195,374,-9
4197,374,-9
4200,373,-9
4202,373,-9
4204,373,-9
4207,374,-9
4209,373,-9
4212,373,-9
4214,373,-9
4217,373,-9
4219,373,-9
4222,373,-9
4225,373,-9
4228,373,-9
4230,373,-9
4233,373,-9
4235,372,-9
4238,373,-9
4240,373,-9
4243,373,-9
4245,373,72
4248,374,72
4250,373,72
4253,372,72
4255,372,72
4258,371,72
4260,369,72
4263,368,72
4265,365,72
4269,362,72
4271,359,72
4274,356,72
4276,352,72
4279,349,72
4281,345,72
4284,342,72
4286,338,72
4289,335,72
4291,331,72
4294,328,72
4296,326,-72
4299,326,-72
4301,326,-72
4304,328,-72
4307,326,-72
4310,325,-72
4313,326,-72
4316,326,-72
4318,325,-72
4321,326,-72
4324,326,-72
4326,326,-72
4329,328,-72
4332,330,-72
4334,332,-72
4337,336,-72
4340,339,-72
4342,342,-72
4345,345,55
4347,348,55
4350,350,55
4353,352,55
4356,354,55
4358,354,55
4361,354,55
4363,353,55
4366,352,55
4368,351,55
4371,349,55
4373,346,55
4376,345,55
4378,342,55
4381,341,55
4383,338,55
4386,336,55
4388,333,55
4391,330,55
4393,327,55
4397,326,-55
4399,326,-55
4402,326,-55
4405,326,-55
4407,326,-55
4410,326,-55
4413,327,-55
4415,326,-55
4418,326,-55
4421,326,-55
4423,326,-55
4426,326,-55
4429,326,-55
4431,328,-55
4434,330,-55
4438,333,-55
4440,335,-55
4443,337,-55
4446,339,42
4448,341,42
4451,343,42
4453,345,42
4456,345,42
4458,346,42
4461,345,42
4463,344,42
4465,343,42
4468,341,42
4470,340,42
4473,338,42
4475,337,42
4478,335,42
4481,333,42
4484,333,42
4486,330,42
4489,328,42
4491,326,42
4494,326,42
4496,327,-42
4499,326,-42
4502,326,-42
4504,326,-42
4507,326,-42
4510,326,-42
4512,326,-42
4515,326,-42
4518,326,-42
4520,326,-42
4524,326,-42
4527,326,-42
4529,326,-42
4532,326,-42
4535,326,-42
4537,327,-42
4540,329,-42
4543,330,-42
4545,332,-42
4548,333,30
4550,334,30
4553,335,30
4555,336,30
4558,337,30
4560,337,30
4563,336,30
4566,335,30
4569,335,30
4571,334,30
4574,333,30
4576,331,30
4579,330,30
4581,329,30
4584,328,30
4586,326,30
4589,326,30
4591,326,30
4594,326,30
4596,326,30
4599,326,-30
4601,326,-30
4604,326,-30
4608,326,-30
4610,326,-30
4613,326,-30
4616,326,-30
4618,326,-30
4621,326,-30
4624,326,-30
4626,326,-30
4629,326,-30
4632,326,-30
4634,327,-30
4637,326,-30
4639,326,-30
4642,326,-30
4645,326,-30
4647,326,-30
4651,326,5
4653,326,5
4656,326,5
4658,326,5
4660,329,5
4663,329,5
4665,329,5
4667,328,5
4670,328,5
4672,326,5
4674,328,5
4677,328,5
4679,328,5
4681,328,5
4684,328,5
4686,326,5
4688,329,5
4691,328,5
4694,328,5
4696,328,5
4699,328,5
4701,328,-5
4703,328,-5
4706,328,-5
4708,328,-5
4711,326,-5
4713,326,-5
4716,326,-5
4718,326,-5
4721,326,-5
4723,328,-5
4726,328,-5
4728,328,-5
4731,326,-5
4733,326,-5
4737,328,-5
4739,328,-5
4742,326,-5
4744,326,-5
4747,328,-5
4749,328,-5
4752,328,17
4754,328,17
4757,326,17
4759,328,17
4762,328,17
4764,326,17
4767,328,17
4769,326,17
4772,326,17
4774,326,17
4777,326,17
4780,326,17
4783,326,17
4785,326,17
4788,327,17
4790,326,17
4793,326,17
4795,326,17
4798,326,17
4800,326,17
4803,327,-17
4805,326,-17
4808,326,-17
4811,327,-17
4813,326,-17
4816,326,-17
4818,326,-17
4822,327,-17
4825,326,-17
4827,326,-17
4830,326,-17
4833,326,-17
4835,326,-17
4838,326,-17
4841,326,-17
4843,326,-17
4846,326,-17
4849,326,-17
4851,326,-17
4854,326,90
4856,326,90
4859,326,90
4861,326,90
4865,326,90
4867,326,90
4870,326,90
4872,326,90
4875,326,90
4877,326,90
4880,326,90
4882,326,90
4885,326,90
4887,326,90
4890,326,90
4892,326,90
4895,326,90
4897,326,90
4900,326,90
4902,327,90
4905,326,-90
4908,326,-90
4911,326,-90
4914,326,-90
4916,326,-90
4919,326,-90
4922,326,-90
4924,326,-90
4927,326,-90
4930,326,-90
4932,326,-90
4935,326,-90
4938,326,-90
4940,326,-90
4943,326,-90
4946,326,-90
4948,326,-90
4952,326,-90
4955,326,52
4957,326,52
4960,326,52
4962,326,52
4965,326,52
4967,326,52
4970,327,52
4972,326,52
4975,326,52
4977,326,52
4980,326,52
4982,326,52
4985,326,52
4987,326,52
4989,326,52
4993,326,52
4995,326,52
4998,326,52