0,831,0
0,830,0
0,829,0
1,828,0
1,827,0
2,828,0
2,827,0
3,826,0
3,825,0
5,826,0
7,826,0
9,826,0
11,825,0
13,826,0
15,825,0
17,825,0
19,825,0
21,825,0
23,825,0
25,825,0
27,825,0
29,826,0
31,825,0
33,825,0
35,825,0
37,825,0
39,825,0
41,825,0
44,825,0
46,825,0
48,825,0
50,825,0
52,825,0
54,826,0
56,825,0
58,825,0
60,825,0
62,826,0
64,826,0
66,825,0
68,826,0
69,825,0
71,825,0
73,825,0
75,825,0
77,825,0
79,825,0
81,825,0
83,825,0
86,825,0
88,825,0
90,826,0
92,825,0
94,825,0
96,825,0
98,825,0
100,825,0
103,825,0
105,826,0
107,826,0
109,825,0
111,825,0
113,825,0
115,825,0
118,826,0
120,825,0
122,825,0
124,825,0
126,825,0
129,825,0
132,826,0
134,826,0
136,825,0
138,826,0
140,825,0
142,825,0
145,825,0
147,825,0
149,825,0
151,825,0
153,826,0
155,825,0
157,825,0
160,826,0
162,826,0
164,825,0
166,825,0
168,826,0
171,825,0
174,826,0
176,825,0
178,825,0
180,827,0
182,825,0
184,825,0
187,825,0
189,825,0
191,826,0
193,826,0
195,826,0
197,825,0
199,826,0
202,826,-127
204,826,-127
207,826,-127
210,825,-127
212,826,-127
216,823,-127
219,821,-127
221,818,-127
224,812,-127
227,808,-127
229,803,-127
232,798,-127
235,792,-127
237,787,-127
240,781,-127
242,776,-127
245,770,-127
248,764,-127
250,758,-127
253,752,-127
257,747,-127
259,740,-127
262,734,-127
265,729,-127
267,723,-127
270,717,-127
273,711,-127
275,705,-127
278,699,-127
281,693,-127
283,687,-127
286,680,-127
289,674,-127
291,668,-127
294,662,-127
297,656,-127
300,650,-127
303,643,-127
306,638,-127
308,631,-127
311,625,-127
314,619,-127
316,612,-127
319,605,-127
322,599,-127
324,593,-127
327,587,-127
329,581,-127
332,575,-127
335,568,-127
337,562,-127
340,556,-127
344,549,-127
346,543,-127
349,536,-127
352,531,-127
354,524,-127
357,518,-127
360,511,-127
362,505,-127
365,498,-127
368,491,-127
370,485,-127
373,479,-127
376,472,-127
378,466,-127
381,460,-127
385,453,-127
387,447,-127
390,440,-127
393,434,-127
395,427,-127
398,421,-127
401,414,-127
403,407,129
406,401,129
408,394,129
411,389,129
413,385,129
416,383,129
418,384,129
421,384,129
423,388,129
427,392,129
429,397,129
432,402,129
434,407,129
437,412,129
439,418,129
442,423,129
444,428,129
447,434,129
449,439,129
452,443,129
454,450,129
457,455,129
459,462,129
461,467,129
464,472,129
466,477,129
470,483,129
472,489,129
475,495,129
477,500,129
480,506,129
482,511,129
485,515,129
487,521,129
490,526,129
492,531,129
495,536,129
497,541,129
500,547,129
502,551,129
505,556,129
507,561,129
510,566,129
513,572,129
516,577,129
518,582,129
521,587,129
523,592,129
526,598,129
528,603,129
531,608,129
533,613,129
536,619,129
538,624,129
541,629,129
543,633,129
546,638,129
548,643,129
551,649,129
553,654,129
557,659,129
559,664,129
562,669,129
564,674,129
567,679,129
569,684,129
572,688,129
574,694,129
577,699,129
579,703,129
582,708,129
584,713,129
587,718,129
589,723,129
591,728,129
594,733,129
596,738,129
600,743,129
602,747,129
605,752,-73
607,757,-73
610,761,-73
612,765,-73
615,769,-73
617,769,-73
620,769,-73
622,768,-73
625,767,-73
627,766,-73
630,764,-73
632,763,-73
635,760,-73
637,757,-73
641,755,-73
643,752,-73
646,748,-73
648,745,-73
651,742,-73
653,740,-73
656,736,-73
658,733,-73
661,729,-73
663,726,-73
666,723,-73
668,720,-73
671,717,-73
673,713,-73
676,711,-73
678,707,-73
681,703,-73
684,701,-73
687,698,-73
689,694,-73
692,691,-73
694,688,-73
697,685,-73
699,682,-73
702,678,-73
704,675,-73
707,672,-73
709,669,-73
712,665,-73
714,662,-73
717,659,-73
719,656,-73
721,652,-73
724,649,-73
727,646,-73
730,642,-73
732,638,-73
735,636,-73
737,633,-73
740,629,-73
742,626,-73
745,622,-73
747,619,-73
750,616,-73
752,612,-73
755,609,-73
757,606,-73
760,603,-73
762,599,-73
765,596,-73
768,593,-73
771,590,-73
773,586,-73
776,583,-73
778,579,-73
781,576,-73
783,572,-73
786,569,-73
788,565,-73
791,563,-73
793,559,-73
796,556,-73
798,553,-73
801,549,-73
803,546,-73
806,542,68
808,539,68
811,536,68
814,533,68
816,532,68
818,530,68
821,531,68
823,531,68
825,532,68
828,533,68
830,534,68
832,536,68
835,538,68
837,540,68
839,542,68
842,544,68
844,547,68
846,549,68
849,550,68
851,553,68
854,554,68
856,557,68
859,559,68
861,562,68
863,564,68
866,566,68
868,569,68
870,570,68
873,574,68
875,575,68
877,577,68
880,579,68
882,581,68
884,584,68
887,587,68
889,588,68
891,590,68
894,593,68
897,593,68
899,596,68
902,599,68
904,601,68
906,603,68
909,604,68
911,607,68
913,609,68
916,611,68
918,614,68
920,616,68
923,617,68
925,620,68
927,621,68
930,623,68
932,625,68
934,628,68
937,630,68
940,633,68
942,635,68
944,636,68
947,639,68
949,641,68
951,643,68
954,646,68
956,647,68
958,649,68
961,651,68
963,654,68
965,656,68
968,657,68
970,659,68
972,661,68
975,663,68
977,665,68
979,667,68
983,670,68
985,672,68
987,674,68
990,676,68
992,679,68
994,680,68
997,682,68
999,684,68
1001,686,68
1004,690,68
1006,691,-70
1009,694,-70
1012,696,-70
1014,698,-70
1017,698,-70
1020,698,-70
1022,697,-70
1026,697,-70
1028,695,-70
1031,693,-70
1034,690,-70
1036,688,-70
1039,685,-70
1042,681,-70
1044,678,-70
1047,675,-70
1050,672,-70
1052,668,-70
1055,665,-70
1058,662,-70
1060,658,-70
1063,655,-70
1067,652,-70
1069,648,-70
1072,645,-70
1075,642,-70
1077,638,-70
1080,635,-70
1083,632,-70
1085,628,-70
1088,625,-70
1091,621,-70
1093,618,-70
1096,615,-70
1099,612,-70
1101,608,-70
1104,605,-70
1107,601,-70
1110,598,-70
1113,594,-70
1115,591,-70
1118,588,-70
1121,584,-70
1123,581,-70
1126,577,-70
1129,574,-70
1131,571,-70
1134,567,-70
1137,564,-70
1139,560,-70
1142,557,-70
1145,554,-70
1147,550,-70
1150,546,-70
1154,544,-70
1156,540,-70
1159,536,-70
1162,533,-70
1164,530,-70
1167,526,-70
1170,523,-70
1172,519,-70
1175,515,-70
1178,513,-70
1180,508,-70
1183,505,-70
1186,502,-70
1188,498,-70
1191,494,-70
1195,491,-70
1197,487,-70
1200,485,-70
1202,481,-70
1205,477,-70
1208,474,142
1210,469,142
1213,467,142
1216,464,142
1218,462,142
1221,463,142
1224,465,142
1226,469,142
1229,473,142
1232,478,142
1234,485,142
1238,490,142
1241,496,142
1243,502,142
1246,508,142
1249,514,142
1251,521,142
1254,527,142
1257,533,142
1259,540,142
1262,547,142
1265,553,142
1267,559,142
1270,566,142
1273,572,142
1275,578,142
1278,584,142
1282,591,142
1284,597,142
1287,603,142
1289,609,142
1292,614,142
1295,621,142
1297,626,142
1300,632,142
1303,639,142
1305,645,142
1308,651,142
1311,657,142
1313,662,142
1316,668,142
1319,675,142
1321,680,142
1325,686,142
1328,692,142
1330,698,142
1333,704,142
1336,710,142
1338,716,142
1341,722,142
1344,728,142
1346,734,142
1349,739,142
1352,745,142
1354,751,142
1357,757,142
1360,761,142
1362,768,142
1366,773,142
1369,779,142
1371,784,142
1374,790,142
1376,795,142
1379,801,142
1382,806,142
1384,811,142
1387,817,142
1390,822,142
1392,827,142
1395,833,142
1398,838,142
1400,843,142
1403,848,142
1406,854,142
1409,858,-64
1412,863,-64
1415,867,-64
1417,869,-64
1420,871,-64
1423,871,-64
1425,871,-64
1428,871,-64
1431,870,-64
1433,868,-64
1436,868,-64
1439,868,-64
1441,867,-64
1444,865,-64
1447,863,-64
1449,860,-64
1453,858,-64
1456,855,-64
1458,852,-64
1461,850,-64
1463,847,-64
1466,845,-64
1469,842,-64
1471,841,-64
1474,838,-64
1477,834,-64
1479,832,-64
1482,829,-64
1485,827,-64
1487,823,-64
1490,821,-64
1494,818,-64
1496,815,-64
1499,812,-64
1502,810,-64
1504,807,-64
1507,804,-64
1510,802,-64
1512,799,-64
1515,796,-64
1518,794,-64
1520,791,-64
1523,788,-64
1526,785,-64
1528,783,-64
1531,780,-64
1534,777,-64
1537,773,-64
1540,772,-64
1543,768,-64
1545,765,-64
1548,763,-64
1550,759,-64
1553,757,-64
1556,754,-64
1558,751,-64
1561,748,-64
1564,746,-64
1566,743,-64
1569,740,-64
1572,737,-64
1574,733,-64
1577,731,-64
1581,728,-64
1583,725,-64
1586,722,-64
1589,719,-64
1591,716,-64
1594,713,-64
1597,710,-64
1599,707,-64
1602,704,-64
1605,701,-64
1607,697,-64
1610,695,128
1613,692,128
1615,689,128
1618,687,128
1622,686,128
1624,687,128
1627,688,128
1630,690,128
1632,694,128
1635,699,128
1637,703,128
1640,708,128
1643,713,128
1645,717,128
1648,722,128
1651,728,128
1653,732,128
1656,737,128
1659,743,128
1661,747,128
1665,752,128
1668,758,128
1670,762,128
1673,767,128
1676,773,128
1678,778,128
1681,782,128
1684,787,128
1686,792,128
1689,797,128
1692,802,128
1694,806,128
1697,811,128
1700,816,128
1702,821,128
1705,825,128
1709,830,128
1711,834,128
1714,839,128
1717,844,128
1719,848,128
1722,852,128
1724,857,128
1727,861,128
1730,865,128
1732,868,128
1735,871,128
1738,873,128
1740,875,128
1743,877,128
1746,880,128
1748,882,128
1752,884,128
1755,887,128
1757,891,128
1760,894,128
1763,898,128
1765,902,128
1768,905,128
1771,908,128
1773,912,128
1776,916,128
1779,919,128
1781,923,128
1784,927,128
1787,930,128
1789,930,128
1793,930,128
1796,930,128
1798,930,128
1801,930,128
1804,930,128
1806,930,128
1809,930,128
1812,930,-93
1814,930,-93
1817,930,-93
1819,930,-93
1822,930,-93
1825,930,-93
1827,930,-93
1830,930,-93
1833,930,-93
1836,930,-93
1839,930,-93
1842,930,-93
1844,930,-93
1847,930,-93
1850,930,-93
1852,930,-93
1855,930,-93
1858,930,-93
1860,930,-93
1863,930,-93
1866,930,-93
1868,930,-93
1871,930,-93
1874,930,-93
1876,928,-93
1880,924,-93
1883,920,-93
1885,916,-93
1888,912,-93
1891,909,-93
1893,904,-93
1896,901,-93
1898,897,-93
1901,893,-93
1904,889,-93
1906,885,-93
1909,880,-93
1912,878,-93
1914,874,-93
1917,872,-93
1921,869,-93
1923,866,-93
1926,864,-93
1929,861,-93
1931,857,-93
1934,853,-93
1937,849,-93
1939,846,-93
1942,842,-93
1945,839,-93
1947,835,-93
1950,831,-93
1953,827,-93
1955,823,-93
1958,819,-93
1961,815,-93
1964,810,-93
1967,806,-93
1970,803,-93
1972,798,-93
1975,794,-93
1978,790,-93
1980,786,-93
1983,782,-93
1985,778,-93
1988,773,-93
1991,769,-93
1993,765,-93
1996,761,-93
1999,758,-93
2001,753,-93
2004,749,-93
2008,745,-93
2010,740,-93
2013,736,99
2016,732,99
2018,728,99
2021,724,99
2023,722,99
2026,722,99
2028,722,99
2030,723,99
2033,724,99
2035,726,99
2038,730,99
2040,733,99
2043,736,99
2045,739,99
2049,743,99
2051,746,99
2054,750,99
2056,753,99
2059,756,99
2061,759,99
2064,763,99
2066,767,99
2069,772,99
2071,774,99
2074,777,99
2076,781,99
2079,784,99
2081,787,99
2084,790,99
2086,794,99
2089,798,99
2092,801,99
2095,803,99
2097,808,99
2100,810,99
2102,813,99
2105,816,99
2107,820,99
2110,822,99
2112,826,99
2115,829,99
2117,833,99
2120,836,99
2122,839,99
2125,842,99
2127,845,99
2130,849,99
2132,852,99
2136,855,99
2138,858,99
2141,861,99
2143,864,99
2146,867,99
2148,869,99
2151,871,99
2153,872,99
2156,873,99
2158,875,99
2160,876,99
2163,878,99
2165,879,99
2168,881,99
2170,883,99
2173,884,99
2176,884,99
2179,888,99
2181,889,99
2184,892,99
2186,893,99
2189,896,99
2191,898,99
2194,900,99
2196,903,99
2199,904,99
2201,907,99
2204,910,99
2206,911,99
2209,914,99
2211,917,99
2214,920,-90
2216,923,-90
2220,926,-90
2223,928,-90
2225,930,-90
2228,930,-90
2231,929,-90
2233,929,-90
2236,928,-90
2239,926,-90
2241,925,-90
2244,922,-90
2247,920,-90
2249,917,-90
2252,913,-90
2255,910,-90
2257,905,-90
2260,903,-90
2264,898,-90
2266,895,-90
2269,892,-90
2272,888,-90
2274,883,-90
2277,880,-90
2280,877,-90
2282,874,-90
2285,871,-90
2287,869,-90
2290,867,-90
2293,864,-90
2295,861,-90
2298,857,-90
2301,853,-90
2304,850,-90
2307,847,-90
2310,844,-90
2312,840,-90
2315,837,-90
2318,833,-90
2320,829,-90
2323,826,-90
2326,821,-90
2328,817,-90
2331,814,-90
2334,810,-90
2336,805,-90
2339,802,-90
2342,797,-90
2344,793,-90
2348,789,-90
2351,785,-90
2353,781,-90
2356,777,-90
2359,773,-90
2361,770,-90
2364,766,-90
2367,762,-90
2369,758,-90
2372,753,-90
2374,749,-90
2377,745,-90
2380,741,-90
2382,737,-90
2385,732,-90
2388,730,-90
2391,725,-90
2394,719,-90
2397,716,-90
2399,712,-90
2402,707,-90
2405,703,-90
2407,699,-90
2410,695,-90
2413,690,-90
2415,686,145
2418,681,145
2421,677,145
2423,674,145
2426,671,145
2429,672,145
2432,674,145
2435,676,145
2438,680,145
2440,685,145
2443,691,145
2446,697,145
2448,702,145
2451,707,145
2454,713,145
2456,719,145
2459,724,145
2461,730,145
2464,736,145
2467,742,145
2469,749,145
2472,754,145
2476,760,145
2478,766,145
2481,772,145
2484,778,145
2486,784,145
2489,790,145
2492,795,145
2494,800,145
2497,806,145
2500,811,145
2502,816,145
2505,822,145
2508,827,145
2510,832,145
2513,838,145
2516,843,145
2519,849,145
2522,854,145
2525,860,145
2527,865,145
2530,868,145
2533,871,145
2535,873,145
2538,876,145
2541,879,145
2543,882,145
2546,884,145
2548,887,145
2551,891,145
2554,897,145
2556,901,145
2560,905,145
2563,909,145
2565,915,145
2568,919,145
2571,923,145
2573,927,145
2576,930,145
2579,930,145
2581,930,145
2584,930,145
2587,930,145
2589,929,145
2592,930,145
2595,930,145
2597,930,145
2600,930,145
2604,930,145
2606,930,145
2609,930,145
2612,930,145
2614,930,145
2617,930,-72
2620,930,-72
2622,930,-72
2625,930,-72
2628,930,-72
2630,930,-72
2633,930,-72
2635,930,-72
2638,930,-72
2641,930,-72
2643,930,-72
2647,930,-72
2650,930,-72
2652,930,-72
2655,930,-72
2658,930,-72
2660,930,-72
2663,930,-72
2666,930,-72
2668,930,-72
2671,930,-72
2674,930,-72
2676,930,-72
2679,930,-72
2682,930,-72
2684,930,-72
2688,930,-72
2691,930,-72
2693,930,-72
2696,930,-72
2699,930,-72
2701,930,-72
2704,930,-72
2707,930,-72
2709,930,-72
2712,930,-72
2715,930,-72
2717,929,-72
2720,926,-72
2722,921,-72
2725,918,-72
2728,915,-72
2731,912,-72
2734,909,-72
2737,907,-72
2739,904,-72
2742,902,-72
2745,899,-72
2747,897,-72
2750,894,-72
2753,891,-72
2755,888,-72
2758,885,-72
2761,882,-72
2763,879,-72
2766,876,-72
2769,874,-72
2771,873,-72
2775,871,-72
2778,869,-72
2780,867,-72
2783,864,-72
2786,863,-72
2788,859,-72
2791,856,-72
2794,853,-72
2796,850,-72
2799,848,-72
2802,845,-72
2804,842,-72
2807,839,-72
2809,836,-72
2812,833,-72
2816,830,-72
2819,827,122
2821,823,122
2824,820,122
2826,817,122
2829,816,122
2832,817,122
2834,818,122
2837,820,122
2840,822,122
2842,826,122
2845,831,122
2848,835,122
2850,839,122
2853,843,122
2856,848,122
2859,852,122
2862,857,122
2865,861,122
2867,865,122
2870,868,122
2873,871,122
2875,873,122
2878,874,122
2881,877,122
2883,879,122
2886,882,122
2889,884,122
2891,885,122
2894,887,122
2896,891,122
2899,894,122
2903,898,122
2905,901,122
2908,904,122
2911,907,122
2913,910,122
2916,913,122
2919,917,122
2921,921,122
2924,924,122
2927,927,122
2929,930,122
2932,930,122
2935,930,122
2937,930,122
2940,930,122
2944,930,122
2946,930,122
2949,930,122
2952,930,122
2954,930,122
2957,930,122
2960,930,122
2962,930,122
2965,929,122
2968,930,122
2970,930,122
2973,930,122
2976,930,122
2978,930,122
2981,930,122
2983,930,122
2987,930,122
2990,930,122
2992,930,122
2995,930,122
2998,930,122
3000,930,122
3003,930,122
3006,930,122
3008,930,122
3011,930,122
3014,931,122
3016,930,122
3019,930,-147
3022,930,-147
3025,930,-147
3027,930,-147
3031,930,-147
3034,930,-147
3037,930,-147
3040,930,-147
3043,930,-147
3045,930,-147
3048,930,-147
3051,930,-147
3054,930,-147
3057,930,-147
3060,930,-147
3062,930,-147
3065,930,-147
3068,930,-147
3072,930,-147
3075,930,-147
3077,930,-147
3080,930,-147
3083,930,-147
3086,930,-147
3089,930,-147
3092,925,-147
3094,917,-147
3097,910,-147
3100,904,-147
3103,897,-147
3106,890,-147
3109,883,-147
3111,876,-147
3115,871,-147
3118,866,-147
3121,860,-147
3124,854,-147
3126,848,-147
3129,842,-147
3132,836,-147
3135,829,-147
3138,824,-147
3141,816,-147
3143,811,-147
3146,805,-147
3149,799,-147
3152,792,-147
3155,785,-147
3158,779,-147
3161,771,-147
3164,763,-147
3167,756,-147
3170,748,-147
3173,741,-147
3175,734,-147
3178,725,-147
3181,718,-147
3184,710,-147
3187,702,-147
3190,695,-147
3192,687,-147
3195,680,-147
3198,672,-147
3202,665,-147
3205,658,-147
3207,651,-147
3210,643,-147
3213,635,-147
3216,628,-147
3219,620,113
3221,611,113
3224,606,113
3227,599,113
3229,595,113
3232,593,113
3235,594,113
3237,594,113
3240,597,113
3244,600,113
3246,603,113
3249,608,113
3252,613,113
3254,616,113
3257,621,113
3260,626,113
3262,631,113
3265,636,113
3268,640,113
3270,645,113
3273,650,113
3276,655,113
3278,660,113
3281,664,113
3284,669,113
3287,674,113
3290,678,113
3292,683,113
3295,687,113
3298,692,113
3300,695,113
3303,700,113
3306,705,113
3308,709,113
3311,712,113
3314,718,113
3316,722,113
3319,726,113
3322,731,113
3324,736,113
3328,740,113
3331,745,113
3333,749,113
3336,753,113
3339,757,113
3341,762,113
3344,766,113
3347,771,113
3349,774,113
3352,779,113
3355,783,113
3357,788,113
3360,792,113
3363,796,113
3365,800,113
3368,804,113
3372,809,113
3374,812,113
3377,817,113
3379,820,113
3382,824,113
3385,829,113
3387,832,113
3390,837,113
3393,840,113
3395,844,113
3398,849,113
3401,853,113
3403,857,113
3406,861,113
3409,864,113
3411,867,113
3415,870,113
3418,872,113
3420,874,-107
3423,875,-107
3426,878,-107
3429,879,-107
3432,879,-107
3434,879,-107
3437,878,-107
3440,877,-107
3443,876,-107
3446,874,-107
3449,872,-107
3451,870,-107
3454,867,-107
3458,863,-107
3461,857,-107
3464,853,-107
3466,848,-107
3469,844,-107
3472,839,-107
3475,835,-107
3478,831,-107
3481,826,-107
3483,822,-107
3486,817,-107
3489,812,-107
3492,807,-107
3495,801,-107
3499,796,-107
3501,790,-107
3504,785,-107
3507,780,-107
3510,775,-107
3513,769,-107
3515,764,-107
3518,759,-107
3521,754,-107
3524,750,-107
3527,744,-107
3530,739,-107
3532,734,-107
3535,729,-107
3538,724,-107
3542,719,-107
3545,713,-107
3548,707,-107
3550,702,-107
3553,696,-107
3556,692,-107
3559,685,-107
3562,680,-107
3564,674,-107
3567,669,-107
3570,663,-107
3573,658,-107
3576,652,-107
3579,646,-107
3581,641,-107
3585,636,-107
3588,630,-107
3591,625,-107
3594,619,-107
3596,613,-107
3599,608,-107
3602,603,-107
3605,596,-107
3608,592,-107
3611,586,-107
3613,580,-107
3616,574,-107
3619,569,-107
3622,563,89
3624,558,89
3628,553,89
3630,548,89
3633,545,89
3635,544,89
3638,545,89
3640,546,89
3643,548,89
3645,549,89
3648,552,89
3650,555,89
3653,558,89
3655,561,89
3658,564,89
3660,568,89
3663,571,89
3665,575,89
3668,577,89
3671,581,89
3674,585,89
3676,587,89
3679,591,89
3681,595,89
3684,598,89
3686,601,89
3689,605,89
3691,608,89
3694,611,89
3696,615,89
3699,618,89
3701,621,89
3704,623,89
3706,627,89
3709,630,89
3712,633,89
3715,636,89
3717,639,89
3720,643,89
3722,646,89
3724,649,89
3727,653,89
3729,656,89
3732,659,89
3734,662,89
3737,665,89
3739,669,89
3742,672,89
3744,675,89
3747,679,89
3749,681,89
3752,685,89
3755,688,89
3758,691,89
3760,694,89
3763,697,89
3765,701,89
3768,704,89
3770,707,89
3773,710,89
3775,713,89
3778,716,89
3780,719,89
3783,722,89
3785,725,89
3788,729,89
3790,731,89
3793,735,89
3795,738,89
3799,740,89
3801,743,89
3804,747,89
3806,750,89
3809,753,89
3811,756,89
3814,759,89
3816,762,89
3819,765,89
3821,768,89
3824,771,-60
3826,775,-60
3829,778,-60
3832,779,-60
3834,781,-60
3837,781,-60
3841,781,-60
3843,780,-60
3846,779,-60
3849,778,-60
3851,777,-60
3854,775,-60
3856,773,-60
3859,771,-60
3862,767,-60
3864,766,-60
3867,763,-60
3870,760,-60
3872,758,-60
3875,754,-60
3878,752,-60
3880,749,-60
3884,747,-60
3887,744,-60
3889,741,-60
3892,738,-60
3895,736,-60
3897,733,-60
3900,731,-60
3903,727,-60
3905,725,-60
3908,723,-60
3911,719,-60
3913,717,-60
3916,714,-60
3919,711,-60
3921,708,-60
3924,706,-60
3928,703,-60
3930,700,-60
3933,698,-60
3936,695,-60
3938,692,-60
3941,689,-60
3943,685,-60
3946,683,-60
3949,680,-60
3951,677,-60
3954,675,-60
3957,671,-60
3959,669,-60
3962,666,-60
3965,663,-60
3968,660,-60
3971,657,-60
3974,654,-60
3976,651,-60
3979,649,-60
3982,646,-60
3984,643,-60
3987,640,-60
3990,637,-60
3992,635,-60
3995,631,-60
3998,629,-60
4000,626,-60
4003,623,-60
4006,620,-60
4008,617,-60
4012,614,-60
4015,611,-60
4017,608,-60
4020,605,-60
4023,603,-60
4025,600,132
4028,597,132
4030,594,132
4033,592,132
4036,591,132
4038,591,132
4041,593,132
4044,596,132
4046,600,132
4049,605,132
4052,610,132
4055,615,132
4058,620,132
4061,626,132
4063,632,132
4066,636,132
4069,642,132
4071,647,132
4074,653,132
4077,658,132
4079,665,132
4082,670,132
4085,676,132
4087,681,132
4090,687,132
4093,692,132
4096,698,132
4099,703,132
4102,708,132
4104,714,132
4107,720,132
4110,725,132
4112,729,132
4115,735,132
4117,740,132
4120,746,132
4123,750,132
4125,755,132
4128,761,132
4131,766,132
4133,771,132
4136,776,132
4140,781,132
4142,786,132
4145,792,132
4148,797,132
4150,801,132
4153,806,132
4156,811,132
4158,817,132
4161,822,132
4164,826,132
4166,831,132
4169,836,132
4172,840,132
4174,846,132
4177,850,132
4180,855,132
4183,859,132
4186,864,132
4189,868,132
4191,870,132
4194,872,132
4197,874,132
4199,876,132
4202,879,132
4204,882,132
4207,885,132
4210,887,132
4212,890,132
4215,894,132
4218,898,132
4220,903,132
4224,905,132
4227,910,-123
4230,914,-123
4232,917,-123
4235,921,-123
4238,922,-123
4241,921,-123
4244,920,-123
4246,919,-123
4249,917,-123
4252,913,-123
4255,909,-123
4258,906,-123
4261,902,-123
4263,897,-123
4267,892,-123
4270,887,-123
4273,883,-123
4276,877,-123
4279,874,-123
4281,870,-123
4284,867,-123
4287,863,-123
4290,860,-123
4293,855,-123
4295,849,-123
4298,843,-123
4301,837,-123
4304,831,-123
4307,826,-123
4311,819,-123
4313,813,-123
4316,808,-123
4319,803,-123
4322,798,-123
4325,792,-123
4328,786,-123
4330,781,-123
4333,775,-123
4336,768,-123
4339,763,-123
4342,757,-123
4344,751,-123
4347,745,-123
4350,738,-123
4354,732,-123
4357,726,-123
4360,720,-123
4362,714,-123
4365,707,-123
4368,702,-123
4371,696,-123
4374,689,-123
4376,683,-123
4379,677,-123
4382,670,-123
4385,664,-123
4388,657,-123
4391,652,-123
4393,645,-123
4397,638,-123
4400,632,-123
4403,626,-123
4406,619,-123
4409,612,-123
4411,606,-123
4414,600,-123
4417,593,-123
4420,587,-123
4423,580,-123
4425,574,-123
4428,567,69
4431,560,69
4433,556,69
4436,551,69
4439,547,69
4442,544,69
4444,544,69
4447,545,69
4449,546,69
4452,547,69
4454,548,69
4457,550,69
4459,552,69
4462,554,69
4464,557,69
4467,559,69
4469,561,69
4472,564,69
4474,566,69
4477,568,69
4480,571,69
4483,574,69
4485,576,69
4488,579,69
4490,581,69
4493,582,69
4495,586,69
4498,587,69
4500,591,69
4503,593,69
4505,595,69
4507,597,69
4510,600,69
4512,602,69
4515,604,69
4517,606,69
4520,609,69
4523,610,69
4526,613,69
4528,615,69
4531,619,69
4533,620,69
4536,622,69
4538,624,69
4541,626,69
4543,628,69
4546,631,69
4548,633,69
4551,636,69
4553,639,69
4556,641,69
4558,643,69
4561,645,69
4563,648,69
4567,650,69
4569,652,69
4572,654,69
4574,656,69
4577,659,69
4579,661,69
4582,664,69
4584,666,69
4587,669,69
4589,670,69
4592,673,69
4594,675,69
4597,677,69
4599,680,69
4602,681,69
4604,684,69
4608,687,69
4610,688,69
4613,691,69
4615,693,69
4618,695,69
4620,697,69
4623,700,69
4625,703,69
4628,705,-129
4630,707,-129
4633,709,-129
4636,712,-129
4639,711,-129
4642,710,-129
4644,708,-129
4647,704,-129
4651,699,-129
4654,693,-129
4657,687,-129
4660,680,-129
4662,674,-129
4665,667,-129
4668,661,-129
4671,655,-129
4674,648,-129
4677,641,-129
4679,634,-129
4682,627,-129
4685,620,-129
4688,614,-129
4691,607,-129
4694,600,-129
4697,593,-129
4700,586,-129
4703,580,-129
4706,573,-129
4709,566,-129
4711,559,-129
4714,553,-129
4717,546,-129
4720,540,-129
4723,533,-129
4725,526,-129
4728,519,-129
4731,512,-129
4734,505,-129
4738,497,-129
4741,490,-129
4743,483,-129
4746,477,-129
4749,470,-129
4752,463,-129
4755,456,-129
4758,449,-129
4760,442,-129
4763,435,-129
4766,428,-129
4769,421,-129
4772,414,-129
4774,407,-129
4777,400,-129
4781,393,-129
4784,385,-129
4787,378,-129
4790,370,-129
4792,364,-129
4795,356,-129
4798,349,-129
4801,341,-129
4804,335,-129
4807,328,-129
4809,326,-129
4812,326,-129
4815,326,-129
4818,327,-129
4822,326,-129
4824,326,-129
4827,326,-129
4830,326,107
4833,327,107
4835,326,107
4838,326,107
4841,326,107
4843,326,107
4846,326,107
4849,326,107
4851,326,107
4854,326,107
4857,326,107
4859,326,107
4862,326,107
4866,326,107
4868,326,107
4871,327,107
4874,326,107
4876,326,107
4879,326,107
4882,326,107
4884,326,107
4887,328,107
4890,331,107
4892,336,107
4895,340,107
4898,346,107
4900,350,107
4903,355,107
4905,360,107
4909,365,107
4912,370,107
4914,375,107
4917,379,107
4920,384,107
4922,388,107
4925,393,107
4928,399,107
4930,404,107
4933,408,107
4936,413,107
4938,418,107
4941,423,107
4944,429,107
4946,433,107
4950,437,107
4953,443,107
4955,447,107
4958,451,107
4961,456,107
4963,460,107
4966,465,107
4969,470,107
4971,474,107
4974,478,107
4977,483,107
4979,487,107
4982,492,107
4985,497,107
4987,501,107
4990,506,107
4993,510,107
4996,515,107
4999,519,107