0, 326, 0
0, 326, 0
1, 326, 0
1, 326, 0
2, 326, 0
2, 326, 0
3, 326, 0
3, 326, 0
4, 326, 0
5, 326, 0
7, 326, 0
9, 326, 0
11, 326, 0
13, 326, 0
15, 326, 0
17, 323, 0
19, 326, 0
21, 326, 0
23, 326, 0
25, 326, 0
27, 326, 0
29, 326, 0
31, 326, 0
33, 326, 0
35, 325, 0
37, 326, 0
39, 326, 0
41, 326, 0
44, 326, 0
46, 326, 0
48, 326, 0
50, 326, 0
52, 326, 0
54, 326, 0
56, 326, 0
58, 326, 0
60, 326, 0
62, 326, 0
64, 326, 0
66, 326, 0
68, 326, 0
70, 326, 0
72, 326, 0
74, 326, 0
76, 326, 0
78, 326, 0
80, 326, 0
82, 326, 0
84, 326, 0
87, 326, 0
89, 326, 0
91, 326, 0
93, 326, 0
95, 326, 0
96, 326, 0
98, 326, 0
100, 326, 0
103, 326, 0
105, 326, 0
107, 326, 0
109, 326, 0
111, 326, 0
113, 326, 0
116, 326, 0
118, 326, 0
120, 326, 0
122, 326, 0
124, 326, 0
126, 326, 0
130, 326, 0
132, 326, 0
134, 326, 0
136, 326, 0
138, 326, 0
140, 326, 0
142, 326, 0
145, 326, 0
147, 326, 0
149, 326, 0
151, 326, 0
153, 326, 0
155, 326, 0
158, 326, 0
160, 326, 0
162, 326, 0
164, 325, 0
166, 326, 0
168, 326, 0
172, 326, 0
174, 326, 0
176, 326, 0
178, 326, 0
180, 326, 0
182, 326, 0
184, 326, 0
187, 326, 0
189, 326, 0
191, 326, 0
193, 326, 0
195, 326, 0
197, 326, 0
200, 326, 0
202, 326, 0
204, 326, 0
206, 326, 0
208, 326, 0
210, 326, 0
214, 326, 0
216, 326, 0
218, 326, 0
220, 326, 0
222, 326, 0
224, 326, 0
226, 326, 0
229, 326, 0
231, 326, 0
233, 326, 0
235, 326, 0
237, 326, 0
239, 326, 0
242, 326, 0
244, 326, 0
246, 326, 0
248, 326, 0
250, 326, 0
252, 326, 0
256, 326, 0
258, 326, 0
260, 326, 0
262, 326, 0
264, 326, 0
266, 326, 0
269, 326, 0
271, 326, 0
273, 326, 0
275, 326, 0
277, 326, 0
279, 326, 0
281, 326, 0
284, 326, 0
286, 326, 0
288, 326, 0
290, 326, 0
292, 326, 0
294, 326, 0
297, 326, 0
300, 326, 0
302, 326, 0
304, 326, 0
306, 326, 0
308, 326, 0
311, 326, 0
313, 326, 0
315, 326, 0
317, 326, 0
319, 326, 0
321, 326, 0
323, 326, 0
326, 326, 0
328, 326, 0
330, 326, 0
332, 326, 0
334, 326, 0
336, 326, 0
339, 326, 0
342, 326, 0
344, 326, 0
346, 326, 0
348, 326, 0
350, 326, 0
353, 326, 0
355, 326, 0
357, 326, 0
359, 326, 0
361, 326, 0
363, 326, 0
365, 326, 0
368, 326, 0
370, 326, 0
372, 326, 0
374, 326, 0
376, 326, 0
378, 326, 0
381, 326, 0
384, 326, 0
386, 326, 0
388, 326, 0
390, 326, 0
392, 326, 0
395, 326, 0
397, 326, 0
399, 326, 0
401, 326, 0
403, 326, 0
405, 326, 0
407, 326, 0
410, 326, 0
412, 326, 0
414, 326, 0
416, 326, 0
418, 326, 0
420, 326, 0
423, 326, 0
425, 326, 0
428, 326, 0
430, 326, 0
432, 326, 0
434, 326, 0
437, 326, 0
439, 326, 0
441, 326, 0
443, 326, 0
445, 326, 0
447, 326, 0
449, 326, 0
452, 326, 0
454, 326, 0
456, 326, 0
458, 326, 0
460, 326, 0
462, 326, 0
465, 326, 0
467, 326, 0
470, 326, 0
472, 326, 0
474, 326, 0
476, 326, 0
479, 326, 0
481, 326, 0
483, 326, 0
485, 326, 0
487, 326, 0
489, 326, 0
491, 326, 0
494, 326, 0
496, 326, 0
498, 326, 0
500, 326, 0
502, 326, 0
504, 326, 0
507, 326, 0
509, 326, 0
512, 326, 0
514, 326, 0
516, 326, 0
518, 326, 0
521, 326, 0
523, 326, 0
525, 326, 0
527, 326, 0
529, 326, 0
531, 326, 0
533, 326, 0
536, 326, 0
538, 326, 0
540, 326, 0
542, 326, 0
544, 326, 0
546, 326, 0
549, 326, 0
551, 326, 0
553, 326, 0
556, 326, 0
558, 326, 0
560, 326, 0
563, 326, 0
565, 326, 0
567, 326, 0
569, 326, 0
571, 326, 0
573, 326, 0
575, 326, 0
578, 326, 0
580, 326, 0
582, 326, 0
584, 326, 0
586, 326, 0
588, 326, 0
591, 326, 0
593, 326, 0
595, 326, 0
598, 326, 0
600, 326, 0
602, 326, 0
605, 326, 0
607, 326, 0
609, 326, 0
611, 326, 0
613, 326, 0
615, 326, 0
618, 326, 0
620, 326, 0
622, 326, 0
624, 326, 0
626, 327, 0
628, 326, 0
630, 326, 0
633, 326, 0
635, 326, 0
637, 326, 0
640, 326, 0
642, 326, 0
644, 326, 0
647, 326, 0
649, 326, 0
651, 326, 0
653, 326, 0
655, 326, 0
657, 326, 0
660, 326, 0
662, 326, 0
664, 326, 0
666, 326, 0
668, 326, 0
670, 326, 0
672, 326, 0
675, 326, 0
677, 326, 0
679, 326, 0
681, 326, 0
684, 326, 0
686, 326, 0
689, 326, 0
691, 326, 0
693, 326, 0
695, 326, 0
697, 326, 0
699, 326, 0
702, 326, 0
704, 326, 0
706, 326, 0
708, 326, 0
710, 326, 0
712, 326, 0
714, 326, 0
717, 326, 0
719, 326, 0
721, 326, 0
723, 326, 0
726, 326, 0
728, 326, 0
731, 326, 0
733, 326, 0
735, 326, 0
737, 326, 0
739, 326, 0
741, 326, 0
744, 326, 0
746, 326, 0
748, 326, 0
750, 326, 0
752, 326, 0
754, 326, 0
756, 326, 0
759, 326, 0
761, 326, 0
763, 326, 0
765, 326, 0
768, 326, 0
770, 326, 0
773, 326, 0
775, 326, 0
777, 326, 0
779, 326, 0
781, 326, 0
783, 326, 0
786, 326, 0
788, 326, 0
790, 326, 0
792, 326, 0
794, 326, 0
796, 326, 0
798, 326, 0
801, 326, 0
803, 326, 0
805, 326, 0
807, 326, 0
809, 326, 0
812, 326, 0
815, 326, 0
817, 326, 0
819, 326, 0
821, 326, 0
823, 326, 0
825, 326, 0
828, 326, 0
830, 326, 0
832, 326, 0
834, 326, 0
836, 326, 0
838, 326, 0
840, 326, 0
843, 326, 0
845, 326, 0
847, 326, 0
849, 326, 0
851, 326, 0
854, 326, 0
857, 326, 0
859, 326, 0
861, 326, 0
863, 326, 0
865, 326, 0
867, 326, 0
870, 326, 0
872, 326, 0
874, 326, 0
876, 326, 0
878, 326, 0
880, 326, 0
882, 326, 0
885, 326, 0
887, 326, 0
889, 326, 0
891, 326, 0
893, 326, 0
896, 326, 0
899, 326, 0
901, 326, 0
903, 326, 0
905, 326, 0
907, 326, 0
909, 326, 0
912, 326, 0
914, 326, 0
916, 326, 0
918, 326, 0
920, 326, 0
922, 326, 0
924, 326, 0
927, 326, 0
929, 326, 0
931, 326, 0
933, 326, 0
935, 326, 0
937, 326, 0
941, 326, 0
943, 326, 0
945, 326, 0
947, 326, 0
949, 326, 0
951, 326, 0
954, 326, 0
956, 326, 0
958, 326, 0
960, 326, 0
962, 326, 0
964, 326, 0
966, 326, 0
969, 326, 0
971, 326, 0
973, 326, 0
975, 326, 0
977, 326, 0
979, 326, 0
983, 326, 0
985, 326, 0
987, 326, 0
989, 326, 0
991, 326, 0
993, 326, 0
996, 326, 0
998, 326, 0
1000, 326, 0
1002, 326, 0
1005, 326, 0
1007, 326, 0
1009, 326, 0
1011, 326, 0
1014, 326, 0
1016, 326, 0
1018, 326, 0
1021, 326, 0
1024, 326, 0
1026, 326, 0
1029, 326, 0
1031, 326, 0
1033, 326, 0
1036, 326, 0
1038, 326, 0
1040, 326, 0
1043, 326, 0
1045, 327, 0
1047, 326, 0
1050, 326, 0
1052, 326, 0
1054, 326, 0
1057, 326, 0
1059, 326, 0
1061, 326, 0
1064, 326, 0
1067, 326, 0
1069, 326, 0
1072, 326, 0
1074, 326, 0
1076, 326, 0
1079, 326, 0
1081, 326, 0
1083, 326, 0
1086, 326, 0
1088, 326, 0
1090, 326, 0
1093, 326, 0
1095, 326, 0
1097, 326, 0
1099, 326, 0
1102, 326, 0
1104, 326, 0
1106, 326, 0
1110, 326, 0
1112, 326, 0
1114, 326, 0
1117, 326, 0
1119, 326, 0
1121, 326, 0
1124, 326, 0
1126, 326, 0
1128, 326, 0
1131, 326, 0
1133, 326, 0
1135, 326, 0
1138, 326, 0
1140, 326, 0
1142, 326, 0
1145, 326, 0
1147, 326, 0
1149, 326, 0
1153, 326, 0
1155, 326, 0
1157, 326, 0
1160, 326, 0
1162, 326, 0
1164, 326, 0
1167, 326, 0
1169, 326, 0
1171, 326, 0
1174, 326, 0
1176, 326, 0
1178, 326, 0
1181, 326, 0
1183, 326, 0
1185, 326, 0
1187, 326, 0
1190, 326, 0
1192, 326, 0
1195, 326, 0
1198, 326, 0
1200, 326, 0
1202, 326, 0
1205, 326, 0
1207, 326, 0
1209, 326, 0
1212, 326, 0
1214, 326, 0
1216, 326, 0
1219, 326, 0
1221, 326, 0
1223, 326, 0
1226, 326, 0
1228, 326, 0
1230, 326, 0
1233, 326, 0
1235, 326, 0
1238, 326, 0
1241, 326, 0
1243, 326, 0
1245, 326, 0
1248, 326, 0
1250, 326, 0
1252, 326, 0
1255, 326, 0
1257, 326, 0
1259, 326, 0
1262, 326, 0
1264, 326, 0
1266, 326, 0
1269, 326, 0
1271, 326, 0
1273, 326, 0
1275, 326, 0
1278, 326, 0
1281, 326, 0
1283, 326, 0
1286, 327, 0
1288, 326, 0
1290, 326, 0
1293, 326, 0
1295, 326, 0
1297, 326, 0
1300, 326, 0
1302, 326, 0
1304, 326, 0
1307, 326, 0
1309, 326, 0
1311, 326, 0
1314, 326, 0
1316, 326, 0
1318, 326, 0
1321, 326, 0
1324, 325, 0
1326, 326, 0
1329, 326, 0
1331, 326, 0
1333, 326, 0
1336, 326, 0
1338, 326, 0
1340, 326, 0
1343, 326, 0
1345, 326, 0
1347, 326, 0
1350, 326, 0
1352, 326, 0
1354, 326, 0
1357, 326, 0
1359, 326, 0
1361, 326, 0
1363, 326, 0
1367, 326, 0
1369, 326, 0
1371, 326, 0
1374, 326, 0
1376, 326, 0
1378, 326, 0
1381, 326, 0
1383, 326, 0
1385, 326, 0
1388, 326, 0
1390, 326, 0
1392, 326, 0
1395, 326, 0
1397, 326, 0
1399, 326, 0
1402, 326, 0
1404, 326, 0
1406, 326, 0
1410, 326, 0
1412, 326, 0
1414, 326, 0
1417, 326, 0
1419, 326, 0
1421, 326, 0
1424, 326, 0
1426, 326, 0
1428, 326, 0
1431, 326, 0
1433, 326, 0
1435, 326, 0
1438, 326, 0
1440, 326, 0
1442, 326, 0
1444, 326, 0
1447, 326, 0
1449, 326, 0
1452, 326, 0
1455, 326, 0
1457, 326, 0
1459, 326, 0
1462, 326, 0
1464, 326, 0
1466, 326, 0
1469, 326, 0
1471, 327, 0
1473, 326, 0
1476, 326, 0
1478, 326, 0
1480, 326, 0
1483, 326, 0
1485, 326, 0
1487, 326, 0
1490, 326, 0
1492, 326, 0
1495, 326, 0
1498, 326, 0
1500, 326, 0
1502, 326, 0
1505, 326, 0
1507, 326, 0
1509, 326, 0
1512, 326, 0
1514, 326, 0
1516, 326, 0
1519, 326, 0
1521, 326, 0
1523, 326, 0
1526, 326, 0
1528, 326, 0
1530, 326, 0
1532, 326, 0
1536, 326, 0
1538, 326, 0
1540, 326, 0
1543, 326, 0
1545, 326, 0
1547, 326, 0
1550, 326, 0
1552, 326, 0
1554, 326, 0
1557, 326, 0
1559, 326, 0
1561, 326, 0
1564, 326, 0
1566, 326, 0
1568, 326, 0
1571, 326, 0
1573, 326, 0
1575, 326, 0
1579, 326, 0
1581, 326, 0
1583, 326, 0
1586, 326, 0
1588, 326, 0
1590, 326, 0
1593, 326, 0
1595, 326, 0
1597, 326, 0
1600, 326, 0
1602, 326, 0
1604, 326, 0
1607, 326, 0
1609, 326, 0
1611, 326, 0
1614, 326, 0
1616, 326, 0
1618, 326, 0
1620, 326, 0
1624, 326, 0
1626, 326, 0
1628, 326, 0
1631, 326, 0
1633, 326, 0
1635, 326, 0
1638, 326, 0
1640, 326, 0
1642, 326, 0
1645, 326, 0
1647, 326, 0
1649, 326, 0
1652, 326, 0
1654, 326, 0
1656, 326, 0
1659, 326, 0
1661, 326, 0
1664, 326, 0
1667, 326, 0
1669, 326, 0
1671, 326, 0
1674, 326, 0
1676, 326, 0
1678, 326, 0
1681, 326, 0
1683, 326, 0
1685, 326, 0
1688, 326, 0
1690, 326, 0
1692, 326, 0
1695, 326, 0
1697, 326, 0
1699, 326, 0
1702, 326, 0
1704, 326, 0
1707, 326, 0
1709, 326, 0
1712, 326, 0
1714, 326, 0
1716, 326, 0
1719, 326, 0
1721, 326, 0
1723, 326, 0
1726, 326, 0
1728, 326, 0
1730, 326, 0
1733, 326, 0
1735, 326, 0
1737, 326, 0
1740, 326, 0
1742, 326, 0
1744, 326, 0
1747, 326, 0
1750, 326, 0
1752, 326, 0
1755, 326, 0
1757, 326, 0
1759, 326, 0
1762, 326, 0
1764, 326, 0
1766, 326, 0
1769, 326, 0
1771, 326, 0
1773, 326, 0
1776, 326, 0
1778, 326, 0
1780, 326, 0
1783, 326, 0
1785, 326, 0
1787, 326, 0
1790, 326, 0
1793, 326, 0
1795, 326, 0
1797, 326, 0
1800, 326, 0
1802, 326, 0
1804, 326, 0
1807, 326, 0
1809, 326, 0
1811, 326, 0
1814, 326, 0
1816, 326, 0
1818, 326, 0
1821, 326, 0
1823, 326, 0
1825, 326, 0
1828, 326, 0
1830, 326, 0
1832, 326, 0
1836, 326, 0
1838, 326, 0
1840, 326, 0
1843, 326, 0
1845, 326, 0
1847, 326, 0
1850, 326, 0
1852, 326, 0
1854, 326, 0
1857, 326, 0
1859, 326, 0
1861, 326, 0
1864, 326, 0
1866, 326, 0
1868, 326, 0
1871, 326, 0
1873, 326, 0
1875, 326, 0
1879, 326, 0
1881, 326, 0
1883, 326, 0
1885, 326, 0
1888, 326, 0
1890, 326, 0
1892, 326, 0
1895, 326, 0
1897, 326, 0
1899, 326, 0
1902, 326, 0
1904, 326, 0
1906, 326, 0
1909, 326, 0
1911, 326, 0
1913, 326, 0
1916, 326, 0
1918, 326, 0
1921, 326, 0
1924, 326, 0
1926, 326, 0
1928, 326, 0
1931, 326, 0
1933, 326, 0
1935, 326, 0
1938, 326, 0
1940, 326, 0
1942, 326, 0
1945, 326, 0
1947, 326, 0
1949, 326, 0
1952, 326, 0
1954, 326, 0
1956, 326, 0
1959, 326, 0
1961, 326, 0
1964, 326, 0
1967, 326, 0
1969, 326, 0
1971, 326, 0
1973, 326, 0
1976, 326, 0
1978, 326, 0
1980, 326, 0
1983, 326, 0
1985, 326, 0
1987, 326, 0
1990, 326, 0
1992, 326, 0
1994, 326, 0
1997, 326, 0
1999, 326, 0
2001, 326, 0
2004, 326, 0
2007, 326, 0
2009, 326, 0
2012, 326, 0
2014, 326, 0
2016, 326, 0
2019, 326, 0
2021, 326, 0
2023, 326, 0
2026, 326, 0
2028, 326, 0
2030, 326, 0
2033, 326, 0
2035, 326, 0
2037, 326, 0
2040, 326, 0
2042, 326, 0
2044, 326, 0
2048, 326, 0
2050, 326, 0
2052, 326, 0
2054, 326, 0
2057, 326, 0
2059, 326, 0
2061, 326, 0
2064, 326, 0
2066, 326, 0
2068, 326, 0
2071, 326, 0
2073, 326, 0
2075, 326, 0
2078, 326, 0
2080, 326, 0
2082, 326, 0
2085, 326, 0
2087, 326, 0
2089, 326, 0
2093, 326, 0
2095, 326, 0
2097, 326, 0
2100, 326, 0
2102, 326, 0
2104, 326, 0
2107, 326, 0
2109, 326, 0
2111, 326, 0
2114, 326, 0
2116, 326, 0
2118, 326, 0
2121, 326, 0
2123, 326, 0
2125, 326, 0
2128, 326, 0
2130, 326, 0
2132, 326, 0
2136, 326, 0
2138, 326, 0
2140, 326, 0
2142, 326, 0
2145, 326, 0
2147, 326, 0
2149, 326, 0
2152, 326, 0
2154, 326, 0
2156, 326, 0
2159, 326, 0
2161, 326, 0
2163, 326, 0
2166, 326, 0
2168, 326, 0
2170, 326, 0
2173, 326, 0
2176, 326, 0
2178, 326, 0
2181, 326, 0
2183, 326, 0
2185, 326, 0
2188, 326, 0
2190, 326, 0
2192, 326, 0
2195, 326, 0
2197, 326, 0
2199, 326, 0
2202, 326, 0
2204, 326, 0
2206, 326, 0
2209, 326, 0
2211, 326, 0
2213, 326, 0
2216, 326, 0
2219, 326, 0
2221, 326, 0
2224, 326, 0
2226, 326, 0
2228, 326, 0
2230, 326, 0
2233, 326, 0
2235, 326, 0
2237, 326, 0
2240, 326, 0
2242, 326, 0
2244, 326, 0
2247, 326, 0
2249, 326, 0
2251, 326, 0
2254, 326, 0
2256, 326, 0
2258, 326, 0
2262, 326, 0
2264, 326, 0
2266, 326, 0
2269, 326, 0
2271, 326, 0
2273, 326, 0
2276, 326, 0
2278, 326, 0
2280, 326, 0
2283, 326, 0
2285, 326, 0
2287, 326, 0
2290, 326, 0
2292, 326, 0
2294, 326, 0
2297, 326, 0
2299, 326, 0
2301, 326, 0
2305, 326, 0
2307, 326, 0
2309, 326, 0
2312, 327, 0
2314, 326, 0
2316, 326, 0
2318, 326, 0
2321, 326, 0
2323, 326, 0
2325, 326, 0
2328, 326, 0
2330, 326, 0
2332, 326, 0
2335, 326, 0
2337, 326, 0
2339, 326, 0
2342, 326, 0
2344, 326, 0
2347, 326, 0
2350, 326, 0
2352, 326, 0
2354, 325, 0
2357, 326, 0
2359, 326, 0
2361, 326, 0
2364, 326, 0
2366, 325, 0
2368, 326, 0
2371, 326, 0
2373, 326, 0
2375, 326, 0
2378, 326, 0
2380, 326, 0
2382, 326, 0
2385, 326, 0
2387, 326, 0
2390, 326, 0
2393, 326, 0
2395, 326, 0
2397, 326, 0
2400, 326, 0
2402, 326, 0
2404, 326, 0
2406, 326, 0
2409, 326, 0
2411, 326, 0
2413, 326, 0
2416, 326, 0
2418, 326, 0
2420, 326, 0
2423, 326, 0
2425, 326, 0
2427, 326, 0
2430, 326, 0
2433, 326, 0
2435, 326, 0
2438, 326, 0
2440, 326, 0
2442, 326, 0
2445, 326, 0
2447, 326, 0
2449, 326, 0
2452, 326, 0
2454, 326, 0
2456, 326, 0
2459, 326, 0
2461, 326, 0
2463, 326, 0
2466, 325, 0
2468, 326, 0
2470, 326, 0
2473, 326, 0
2476, 326, 0
2478, 326, 0
2481, 326, 0
2483, 326, 0
2485, 326, 0
2488, 326, 0
2490, 326, 0
2492, 326, 0
2494, 326, 0
2497, 326, 0
2499, 327, 0
2501, 326, 0
2504, 326, 0
2506, 326, 0
2508, 326, 0
2511, 326, 0
2513, 326, 0
2515, 326, 0
2519, 326, 0
2521, 326, 0
2523, 326, 0
2526, 326, 0
2528, 326, 0
2530, 326, 0
2533, 326, 0
2535, 326, 0
2537, 326, 0
2540, 326, 0
2542, 326, 0
2544, 326, 0
2547, 326, 0
2549, 326, 0
2551, 326, 0
2554, 326, 0
2556, 326, 0
2558, 326, 0
2562, 326, 0
2564, 326, 0
2566, 326, 0
2569, 326, 0
2571, 326, 0
2573, 326, 0
2576, 326, 0
2578, 326, 0
2580, 326, 0
2582, 326, 0
2585, 326, 0
2587, 326, 0
2589, 326, 0
2592, 326, 0
2594, 326, 0
2596, 326, 0
2599, 326, 0
2601, 326, 0
2604, 326, 0
2607, 326, 0
2609, 326, 0
2611, 326, 0
2614, 326, 0
2616, 326, 0
2618, 326, 0
2621, 326, 0
2623, 326, 0
2625, 326, 0
2628, 326, 0
2630, 326, 0
2632, 326, 0
2635, 326, 0
2637, 326, 0
2639, 326, 0
2642, 326, 0
2644, 326, 0
2647, 326, 0
2650, 326, 0
2652, 326, 0
2654, 326, 0
2657, 326, 0
2659, 326, 0
2661, 326, 0
2663, 326, 0
2666, 326, 0
2668, 326, 0
2670, 326, 0
2673, 326, 0
2675, 326, 0
2677, 326, 0
2680, 326, 0
2682, 326, 0
2684, 326, 0
2688, 326, 0
2690, 326, 0
2692, 326, 0
2695, 326, 0
2697, 326, 0
2699, 326, 0
2702, 326, 0
2704, 326, 0
2706, 326, 0
2709, 326, 0
2711, 326, 0
2713, 326, 0
2716, 326, 0
2718, 326, 0
2720, 326, 0
2723, 326, 0
2725, 326, 0
2727, 326, 0
2731, 326, 0
2733, 326, 0
2735, 326, 0
2738, 326, 0
2740, 326, 0
2742, 326, 0
2745, 326, 0
2747, 326, 0
2749, 327, 0
2751, 326, 0
2754, 326, 0
2756, 326, 0
2758, 326, 0
2761, 326, 0
2763, 326, 0
2765, 326, 0
2768, 326, 0
2770, 326, 0
2772, 326, 0
2776, 326, 0
2778, 326, 0
2780, 326, 0
2783, 326, 0
2785, 326, 0
2787, 326, 0
2790, 326, 0
2792, 326, 0
2794, 326, 0
2797, 326, 0
2799, 326, 0
2801, 326, 0
2804, 326, 0
2806, 326, 0
2808, 326, 0
2811, 326, 0
2813, 326, 0
2816, 326, 0
2819, 326, 0
2821, 326, 0
2823, 326, 0
2826, 326, 0
2828, 326, 0
2830, 326, 0
2833, 326, 0
2835, 326, 0
2837, 326, 0
2839, 326, 0
2842, 326, 0
2844, 326, 0
2846, 326, 0
2849, 326, 0
2851, 326, 0
2853, 326, 0
2856, 326, 0
2859, 326, 0
2861, 326, 0
2864, 326, 0
2866, 326, 0
2868, 326, 0
2871, 326, 0
2873, 326, 0
2875, 326, 0
2878, 326, 0
2880, 326, 0
2882, 326, 0
2885, 326, 0
2887, 327, 0
2889, 326, 0
2892, 326, 0
2894, 326, 0
2896, 326, 0
2899, 326, 0
2902, 326, 0
2904, 326, 0
2907, 326, 0
2909, 326, 0
2911, 326, 0
2914, 326, 0
2916, 326, 0
2918, 326, 0
2921, 326, 0
2923, 326, 0
2925, 326, 0
2927, 326, 0
2930, 326, 0
2932, 326, 0
2934, 326, 0
2937, 326, 0
2939, 326, 0
2941, 326, 0
2945, 326, 0
2947, 326, 0
2949, 326, 0
2952, 326, 0
2954, 327, 0
2956, 326, 0
2959, 326, 0
2961, 326, 0
2963, 326, 0
2966, 326, 0
2968, 326, 0
2970, 326, 0
2973, 326, 0
2975, 326, 0
2977, 326, 0
2980, 326, 0
2982, 326, 0
2984, 326, 0
2988, 326, 0
2990, 326, 0
2992, 326, 0
2995, 326, 0
2997, 326, 0
2999, 326, 0
3002, 326, 0
3004, 326, 0
3006, 326, 0
3009, 326, 0
3011, 326, 0
3013, 326, 0
3015, 326, 0
3018, 326, 0
3020, 326, 0
3022, 326, 0
3025, 326, 0
3027, 326, 0
3030, 326, 0
3033, 326, 0
3035, 326, 0
3037, 326, 0
3040, 326, 0
3042, 326, 0
3044, 326, 0
3047, 326, 0
3049, 326, 0
3051, 326, 0
3054, 326, 0
3056, 326, 0
3058, 326, 0
3061, 326, 0
3063, 326, 0
3065, 326, 0
3068, 326, 0
3070, 326, 0
3073, 326, 0
3076, 326, 0
3078, 326, 0
3080, 326, 0
3083, 326, 0
3085, 326, 0
3087, 326, 0
3090, 326, 0
3092, 326, 0
3094, 326, 0
3097, 326, 0
3099, 326, 0
3101, 326, 0
3103, 326, 0
3106, 326, 0
3108, 326, 0
3110, 326, 0
3113, 326, 0
3116, 326, 0
3118, 326, 0
3121, 326, 0
3123, 326, 0
3125, 326, 0
3128, 326, 0
3130, 326, 0
3132, 326, 0
3135, 326, 0
3137, 326, 0
3139, 326, 0
3142, 326, 0
3144, 326, 0
3146, 326, 0
3149, 326, 0
3151, 326, 0
3153, 326, 0
3156, 326, 0
3159, 326, 0
3161, 326, 0
3164, 326, 0
3166, 326, 0
3168, 326, 0
3171, 326, 0
3173, 326, 0
3175, 326, 0
3178, 326, 0
3180, 326, 0
3182, 326, 0
3185, 326, 0
3187, 326, 0
3189, 326, 0
3191, 326, 0
3194, 326, 0
3196, 326, 0
3198, 326, 0
3202, 326, 0
3204, 326, 0
3206, 326, 0
3209, 326, 0
3211, 326, 0
3213, 326, 0
3216, 326, 0
3218, 326, 0
3220, 326, 0
3223, 326, 0
3225, 326, 0
3227, 326, 0
3230, 326, 0
3232, 326, 0
3234, 327, 0
3237, 326, 0
3239, 326, 0
3241, 326, 0
3245, 326, 0
3247, 326, 0
3249, 327, 0
3252, 326, 0
3254, 326, 0
3256, 326, 0
3259, 326, 0
3261, 326, 0
3263, 326, 0
3266, 326, 0
3268, 326, 0
3270, 327, 0
3272, 326, 0
3275, 326, 0
3277, 326, 0
3279, 326, 0
3282, 326, 0
3284, 326, 0
3287, 326, 0
3290, 326, 0
3292, 326, 0
3294, 326, 0
3297, 326, 0
3299, 326, 0
3301, 326, 0
3304, 326, 0
3306, 326, 0
3308, 326, 0
3311, 326, 0
3313, 326, 0
3315, 326, 0
3318, 326, 0
3320, 326, 0
3322, 326, 0
3325, 326, 0
3328, 326, 0
3330, 326, 0
3333, 326, 0
3335, 326, 0
3337, 326, 0
3340, 326, 0
3342, 326, 0
3344, 326, 0
3347, 326, 0
3349, 326, 0
3351, 326, 0
3354, 326, 0
3356, 326, 0
3358, 326, 0
3360, 326, 0
3363, 326, 0
3365, 326, 0
3367, 326, 0
3371, 326, 0
3373, 326, 0
3375, 326, 0
3378, 326, 0
3380, 326, 0
3382, 326, 0
3385, 326, 0
3387, 326, 0
3389, 326, 0
3392, 326, 0
3394, 326, 0
3396, 326, 0
3399, 326, 0
3401, 326, 0
3403, 326, 0
3406, 326, 0
3408, 326, 0
3410, 326, 0
3414, 326, 0
3416, 326, 0
3418, 326, 0
3421, 326, 0
3423, 326, 0
3425, 326, 0
3428, 326, 0
3430, 326, 0
3432, 326, 0
3435, 326, 0
3437, 326, 0
3439, 326, 0
3442, 326, 0
3444, 326, 0
3446, 326, 0
3448, 326, 0
3451, 326, 0
3453, 326, 0
3456, 326, 0
3459, 326, 0
3461, 326, 0
3463, 326, 0
3466, 326, 0
3468, 326, 0
3470, 326, 0
3473, 326, 0
3475, 326, 0
3477, 326, 0
3480, 326, 0
3482, 326, 0
3484, 326, 0
3487, 326, 0
3489, 326, 0
3491, 326, 0
3494, 326, 0
3496, 326, 0
3499, 326, 0
3502, 326, 100
3504, 326, 100
3507, 327, 100
3510, 325, 100
3512, 326, 100
3515, 326, 100
3518, 326, 100
3520, 326, 100
3523, 326, 100
3526, 326, 100
3528, 326, 100
3531, 326, 100
3533, 326, 100
3536, 326, 100
3539, 326, 100
3542, 326, 100
3545, 330, 100
3548, 334, 100
3550, 338, 100
3553, 343, 100
3556, 348, 100
3558, 352, 100
3561, 356, 100
3564, 361, 100
3566, 365, 100
3569, 370, 100
3572, 374, 100
3574, 378, 100
3577, 382, 100
3580, 387, 100
3582, 391, 100
3586, 395, 100
3589, 400, 100
3591, 404, 100
3594, 408, 100
3597, 413, 100
3599, 416, 100
3602, 421, 100
3605, 425, 100
3607, 429, 100
3610, 434, 100
3613, 438, 100
3615, 442, 100
3618, 447, 100
3620, 451, 100
3623, 455, 100
3627, 459, 100
3629, 463, 100
3632, 468, 100
3635, 472, 100
3637, 477, 100
3640, 481, 100
3643, 484, 100
3645, 489, 100
3648, 493, 100
3651, 497, 100
3653, 501, 100
3656, 506, 100
3659, 510, 100
3661, 514, 100
3664, 518, 100
3667, 522, 100
3670, 526, 100
3673, 530, 100
3676, 534, 100
3678, 538, 100
3681, 542, 100
3684, 545, 100
3686, 550, 100
3689, 554, 100
3692, 558, 100
3694, 562, 100
3697, 567, 100
3700, 571, 100
3702, 575, 100
3705, 579, 100
3707, 583, 100
3710, 587, 100
3714, 590, 100
3716, 596, 100
3719, 599, 100
3722, 603, 100
3724, 607, 100
3727, 611, 100
3730, 615, 100
3732, 619, 100
3735, 624, 100
3738, 627, 100
3740, 631, 100
3743, 635, 100
3746, 639, 100
3748, 643, 100
3751, 647, 100
3755, 650, 100
3757, 656, 100
3760, 659, 100
3763, 662, 100
3765, 667, 100
3768, 671, 100
3771, 674, 100
3773, 678, 100
3776, 682, 100
3779, 686, 100
3781, 690, 100
3784, 694, 100
3787, 697, 100
3789, 701, 100
3792, 705, 100
3794, 709, 100
3798, 713, 100
3801, 716, 100
3803, 720, 100
3806, 724, 100
3809, 728, 100
3811, 732, 100
3814, 735, 100
3817, 740, 100
3819, 744, 100
3822, 747, 100
3825, 751, 100
3827, 755, 100
3830, 758, 100
3833, 762, 100
3835, 765, 100
3838, 769, 100
3842, 773, 100
3844, 777, 100
3847, 780, 100
3850, 785, 100
3852, 787, 100
3855, 792, 100
3858, 796, 100
3860, 799, 100
3863, 802, 100
3866, 806, 100
3868, 809, 100
3871, 812, 100
3874, 816, 100
3876, 819, 100
3879, 823, 100
3881, 827, 100
3885, 829, 100
3888, 833, 100
3890, 837, 100
3893, 840, 100
3896, 844, 100
3898, 847, 100
3901, 850, 100
3904, 854, 100
3906, 858, 100
3909, 861, 100
3912, 864, 100
3914, 866, 100
3917, 868, 100
3920, 870, 100
3922, 870, 100
3926, 872, 100
3929, 874, 100
3931, 875, 100
3934, 877, 100
3937, 878, 100
3939, 880, 100
3942, 881, 100
3945, 883, 100
3947, 885, 100
3950, 887, 100
3953, 890, 100
3955, 892, 100
3958, 893, 100
3961, 896, 100
3963, 898, 100
3966, 900, 100
3969, 902, 100
3972, 904, 100
3975, 906, 100
3977, 908, 100
3980, 909, 100
3983, 911, 100
3985, 911, 100
3988, 912, 100
3991, 913, 100
3993, 913, 100
3996, 913, 100
3999, 913, 100
4001, 913, 100
4004, 912, 100
4007, 912, 100
4009, 913, 100
4013, 913, 100
4016, 913, 100
4018, 913, 100
4021, 913, 100
4024, 912, 100
4026, 912, 100
4029, 913, 100
4031, 912, 100
4034, 913, 100
4037, 913, 100
4039, 912, 100
4042, 912, 100
4045, 912, 100
4047, 912, 100
4050, 912, 100
4054, 912, 100
4056, 912, 100
4059, 912, 100
4062, 912, 100
4064, 912, 100
4067, 912, 100
4070, 912, 100
4072, 912, 100
4075, 911, 100
4078, 911, 100
4080, 911, 100
4083, 911, 100
4086, 911, 100
4088, 911, 100
4091, 911, 100
4094, 910, 100
4097, 910, 100
4100, 910, 100
4103, 909, 100
4105, 910, 100
4108, 910, 100
4111, 910, 100
4113, 911, 100
4116, 910, 100
4118, 910, 100
4121, 910, 100
4124, 910, 100
4126, 910, 100
4129, 910, 100
4132, 910, 100
4134, 910, 100
4137, 910, 100
4141, 909, 100
4143, 909, 100
4146, 909, 100
4149, 909, 100
4151, 909, 100
4154, 909, 100
4157, 909, 100
4159, 909, 100
4162, 909, 100
4165, 909, 100
4167, 909, 100
4170, 908, 100
4173, 908, 100
4175, 908, 100
4178, 908, 100
4182, 908, 100
4184, 908, 100
4187, 908, 100
4190, 908, 100
4192, 908, 100
4195, 908, 100
4198, 908, 100
4200, 908, 100
4203, 908, 100
4205, 908, 100
4208, 908, 100
4211, 907, 100
4213, 907, 100
4216, 907, 100
4219, 908, 100
4221, 908, 100
4225, 908, 100
4228, 907, 100
4230, 907, 100
4233, 907, 100
4236, 907, 100
4238, 907, 100
4241, 908, 100
4244, 907, 100
4246, 908, 100
4249, 907, 100
4252, 907, 100
4254, 907, 100
4257, 907, 100
4260, 907, 100
4262, 907, 100
4265, 907, 100
4269, 907, 100
4271, 908, 100
4274, 908, 100
4277, 908, 100
4279, 907, 100
4282, 907, 100
4285, 907, 100
4287, 907, 100
4290, 907, 100
4292, 907, 100
4295, 908, 100
4298, 907, 100
4300, 907, 100
4303, 908, 100
4306, 908, 100
4308, 907, 100
4312, 908, 100
4315, 908, 100
4317, 907, 100
4320, 907, 100
4323, 907, 100
4325, 907, 100
4328, 908, 100
4331, 908, 100
4333, 907, 100
4336, 907, 100
4339, 908, 100
4341, 907, 100
4344, 907, 100
4347, 908, 100
4349, 908, 100
4353, 907, 100
4356, 908, 100
4358, 907, 100
4361, 907, 100
4364, 907, 100
4366, 907, 100
4369, 907, 100
4372, 908, 100
4374, 907, 100
4377, 908, 100
4379, 907, 100
4382, 908, 100
4385, 907, 100
4387, 908, 100
4390, 908, 100
4393, 907, 100
4396, 907, 100
4399, 907, 100
4402, 908, 100
4404, 907, 100
4407, 907, 100
4410, 908, 100
4412, 907, 100
4415, 908, 100
4418, 907, 100
4420, 907, 100
4423, 907, 100
4426, 907, 100
4428, 908, 100
4431, 907, 100
4434, 907, 100
4436, 907, 100
4440, 907, 100
4443, 907, 100
4445, 908, 100
4448, 908, 100
4451, 908, 100
4453, 908, 100
4456, 907, 100
4459, 907, 100
4461, 907, 100
4464, 907, 100
4466, 907, 100
4469, 908, 100
4472, 907, 100
4474, 908, 100
4477, 907, 100
4481, 907, 100
4483, 907, 100
4486, 908, 100
4489, 908, 100
4491, 907, 100
4494, 907, 100
4497, 907, 100
4499, 907, 100
4502, 908, 100
4505, 908, 100
4507, 907, 100
4510, 907, 100
4513, 908, 100
4515, 907, 100
4518, 907, 100
4521, 907, 100
4524, 908, 100
4527, 907, 100
4530, 907, 100
4532, 907, 100
4535, 907, 100
4538, 907, 100
4540, 907, 100
4543, 908, 100
4546, 907, 100
4548, 907, 100
4551, 907, 100
4553, 907, 100
4556, 907, 100
4559, 907, 100
4561, 908, 100
4564, 908, 100
4568, 907, 100
4570, 907, 100
4573, 907, 100
4576, 908, 100
4578, 907, 100
4581, 907, 100
4584, 908, 100
4586, 907, 100
4589, 907, 100
4592, 907, 100
4594, 908, 100
4597, 907, 100
4600, 907, 100
4602, 907, 100
4605, 907, 100
4609, 907, 100
4611, 907, 100
4614, 907, 100
4617, 907, 100
4619, 907, 100
4622, 907, 100
4625, 907, 100
4627, 907, 100
4630, 907, 100
4633, 907, 100
4635, 907, 100
4638, 907, 100
4640, 907, 100
4643, 908, 100
4646, 907, 100
4648, 907, 100
4652, 907, 100
4655, 907, 100
4657, 907, 100
4660, 907, 100
4663, 907, 100
4665, 907, 100
4668, 907, 100
4671, 908, 100
4673, 907, 100
4676, 907, 100
4679, 908, 100
4681, 908, 100
4684, 907, 100
4687, 907, 100
4689, 907, 100
4692, 907, 100
4696, 907, 100
4698, 907, 100
4701, 907, 100
4704, 907, 100
4706, 907, 100
4709, 907, 100
4712, 907, 100
4714, 907, 100
4717, 907, 100
4720, 908, 100
4722, 907, 100
4725, 907, 100
4727, 908, 100
4730, 907, 100
4733, 908, 100
4736, 907, 100
4739, 907, 100
4742, 907, 100
4744, 907, 100
4747, 908, 100
4750, 907, 100
4752, 908, 100
4755, 907, 100
4758, 907, 100
4760, 907, 100
4763, 907, 100
4766, 907, 100
4768, 907, 100
4771, 907, 100
4774, 907, 100
4776, 907, 100
4780, 907, 100
4783, 907, 100
4785, 907, 100
4788, 907, 100
4791, 907, 100
4793, 908, 100
4796, 907, 100
4799, 907, 100
4801, 908, 100
4804, 908, 100
4807, 907, 100
4809, 908, 100
4812, 907, 100
4814, 907, 100
4817, 908, 100
4820, 908, 100
4823, 907, 100
4826, 907, 100
4829, 907, 100
4831, 907, 100
4834, 907, 100
4837, 907, 100
4839, 907, 100
4842, 907, 100
4845, 907, 100
4847, 907, 100
4850, 907, 100
4853, 908, 100
4855, 908, 100
4858, 908, 100
4861, 907, 100
4864, 907, 100
4867, 907, 100
4870, 907, 100
4872, 907, 100
4875, 908, 100
4878, 908, 100
4880, 907, 100
4883, 907, 100
4886, 908, 100
4888, 908, 100
4891, 908, 100
4894, 907, 100
4896, 907, 100
4899, 908, 100
4901, 907, 100
4904, 907, 100
4908, 907, 100
4910, 907, 100
4913, 908, 100
4916, 907, 100
4918, 907, 100
4921, 907, 100
4924, 907, 100
4926, 908, 100
4929, 907, 100
4932, 907, 100
4934, 907, 100
4937, 907, 100
4940, 908, 100
4942, 907, 100
4945, 908, 100
4948, 907, 100
4951, 907, 100
4954, 907, 100
4957, 908, 100
4959, 907, 100
4962, 907, 100
4965, 907, 100
4967, 907, 100
4970, 907, 100
4973, 907, 100
4975, 908, 100
4978, 907, 100
4981, 907, 100
4983, 908, 100
4986, 907, 100
4988, 907, 100
4992, 908, 100
4995, 908, 100
4997, 908, 100
5000, 907, 100