Time,Main_Ped_Sens, Pot,Pot Modified,Ped Normalised,Pot Normalised,,,We proved that both 
1,327,465,465,0.001686341,0.02962963,,,
2,327,465,465,0.001686341,0.02962963,,,
3,327,465,465,0.001686341,0.02962963,,,
4,327,465,465,0.001686341,0.02962963,,,
5,327,465,465,0.001686341,0.02962963,,,
6,327,465,465,0.001686341,0.02962963,,,
7,328,465,465,0.003372681,0.02962963,,,
8,327,465,465,0.001686341,0.02962963,,,
9,327,465,465,0.001686341,0.02962963,,,
10,327,465,465,0.001686341,0.02962963,,,
11,327,465,465,0.001686341,0.02962963,,,
12,327,465,465,0.001686341,0.02962963,,,
13,327,465,465,0.001686341,0.02962963,,,
14,327,465,465,0.001686341,0.02962963,,,
15,328,465,465,0.003372681,0.02962963,,,
16,327,465,465,0.001686341,0.02962963,,,
17,327,465,465,0.001686341,0.02962963,,,
18,327,465,465,0.001686341,0.02962963,,,
19,327,465,465,0.001686341,0.02962963,,,
20,327,465,465,0.001686341,0.02962963,,,
21,327,465,465,0.001686341,0.02962963,,,
22,327,465,465,0.001686341,0.02962963,,,
23,327,465,465,0.001686341,0.02962963,,,
24,327,465,465,0.001686341,0.02962963,,,
25,327,465,465,0.001686341,0.02962963,,,
26,327,465,465,0.001686341,0.02962963,,,
27,327,465,465,0.001686341,0.02962963,,,
28,327,465,465,0.001686341,0.02962963,,,
29,327,465,465,0.001686341,0.02962963,,,
30,327,465,465,0.001686341,0.02962963,,,
31,327,465,465,0.001686341,0.02962963,,,
32,327,465,465,0.001686341,0.02962963,,,
33,327,465,465,0.001686341,0.02962963,,,
34,327,465,465,0.001686341,0.02962963,,,
35,327,465,465,0.001686341,0.02962963,,,
36,327,465,465,0.001686341,0.02962963,,,
37,327,465,465,0.001686341,0.02962963,,,
38,327,465,465,0.001686341,0.02962963,,,
39,327,465,465,0.001686341,0.02962963,,,
40,327,465,465,0.001686341,0.02962963,,,
41,327,465,465,0.001686341,0.02962963,,,
42,327,465,465,0.001686341,0.02962963,,,
43,327,465,465,0.001686341,0.02962963,,,
44,327,465,465,0.001686341,0.02962963,,,
45,327,465,465,0.001686341,0.02962963,,,
46,327,465,465,0.001686341,0.02962963,,,
47,328,465,465,0.003372681,0.02962963,,,
48,327,465,465,0.001686341,0.02962963,,,
49,327,465,465,0.001686341,0.02962963,,,
50,327,465,465,0.001686341,0.02962963,,,
51,327,465,465,0.001686341,0.02962963,,,
52,327,465,465,0.001686341,0.02962963,,,
53,327,465,465,0.001686341,0.02962963,,,
54,327,465,465,0.001686341,0.02962963,,,
55,327,465,465,0.001686341,0.02962963,,,
56,327,465,465,0.001686341,0.02962963,,,
57,327,465,465,0.001686341,0.02962963,,,
58,327,465,465,0.001686341,0.02962963,,,
59,327,465,465,0.001686341,0.02962963,,,
60,327,465,465,0.001686341,0.02962963,,,
61,327,465,465,0.001686341,0.02962963,,,
62,327,465,465,0.001686341,0.02962963,,,
63,327,465,465,0.001686341,0.02962963,,,
64,327,465,465,0.001686341,0.02962963,,,
65,327,465,465,0.001686341,0.02962963,,,
66,327,465,465,0.001686341,0.02962963,,,
67,327,465,465,0.001686341,0.02962963,,,
68,327,465,465,0.001686341,0.02962963,,,
69,327,465,465,0.001686341,0.02962963,,,
70,327,465,465,0.001686341,0.02962963,,,
71,327,465,465,0.001686341,0.02962963,,,
72,327,465,465,0.001686341,0.02962963,,,
73,327,465,465,0.001686341,0.02962963,,,
74,327,465,465,0.001686341,0.02962963,,,
75,327,465,465,0.001686341,0.02962963,,,
76,327,465,465,0.001686341,0.02962963,,,
77,327,465,465,0.001686341,0.02962963,,,
78,327,465,465,0.001686341,0.02962963,,,
79,327,465,465,0.001686341,0.02962963,,,
80,327,465,465,0.001686341,0.02962963,,,
81,327,465,465,0.001686341,0.02962963,,,
82,327,465,465,0.001686341,0.02962963,,,
83,327,465,465,0.001686341,0.02962963,,,
84,327,465,465,0.001686341,0.02962963,,,
85,327,465,465,0.001686341,0.02962963,,,
86,327,465,465,0.001686341,0.02962963,,,
87,327,465,465,0.001686341,0.02962963,,,
88,327,465,465,0.001686341,0.02962963,,,
89,327,465,465,0.001686341,0.02962963,,,
90,327,465,465,0.001686341,0.02962963,,,
91,327,465,465,0.001686341,0.02962963,,,
92,328,465,465,0.003372681,0.02962963,,,
93,327,465,465,0.001686341,0.02962963,,,
94,327,465,465,0.001686341,0.02962963,,,
95,327,465,465,0.001686341,0.02962963,,,
96,327,465,465,0.001686341,0.02962963,,,
97,328,465,465,0.003372681,0.02962963,,,
98,327,465,465,0.001686341,0.02962963,,,
99,327,465,465,0.001686341,0.02962963,,,
100,327,465,465,0.001686341,0.02962963,,,
101,327,465,465,0.001686341,0.02962963,,,
102,327,465,465,0.001686341,0.02962963,,,
103,327,465,465,0.001686341,0.02962963,,,
104,327,466,464,0.001686341,0.022222222,,,
105,327,465,465,0.001686341,0.02962963,,,
106,327,465,465,0.001686341,0.02962963,,,
107,327,465,465,0.001686341,0.02962963,,,
108,327,465,465,0.001686341,0.02962963,,,
109,327,465,465,0.001686341,0.02962963,,,
110,327,465,465,0.001686341,0.02962963,,,
111,327,465,465,0.001686341,0.02962963,,,
112,327,465,465,0.001686341,0.02962963,,,
113,327,465,465,0.001686341,0.02962963,,,
114,327,465,465,0.001686341,0.02962963,,,
115,327,465,465,0.001686341,0.02962963,,,
116,327,465,465,0.001686341,0.02962963,,,
117,327,465,465,0.001686341,0.02962963,,,
118,327,465,465,0.001686341,0.02962963,,,
119,327,465,465,0.001686341,0.02962963,,,
120,327,465,465,0.001686341,0.02962963,,,
121,327,465,465,0.001686341,0.02962963,,,
122,327,465,465,0.001686341,0.02962963,,,
123,327,465,465,0.001686341,0.02962963,,,
124,327,465,465,0.001686341,0.02962963,,,
125,327,465,465,0.001686341,0.02962963,,,
126,327,465,465,0.001686341,0.02962963,,,
127,327,465,465,0.001686341,0.02962963,,,
128,327,465,465,0.001686341,0.02962963,,,
129,327,465,465,0.001686341,0.02962963,,,
130,327,465,465,0.001686341,0.02962963,,,
131,327,465,465,0.001686341,0.02962963,,,
132,327,465,465,0.001686341,0.02962963,,,
133,327,465,465,0.001686341,0.02962963,,,
134,327,465,465,0.001686341,0.02962963,,,
135,327,465,465,0.001686341,0.02962963,,,
136,327,465,465,0.001686341,0.02962963,,,
137,327,465,465,0.001686341,0.02962963,,,
138,327,465,465,0.001686341,0.02962963,,,
139,327,465,465,0.001686341,0.02962963,,,
140,327,465,465,0.001686341,0.02962963,,,
141,327,465,465,0.001686341,0.02962963,,,
142,327,465,465,0.001686341,0.02962963,,,
143,327,465,465,0.001686341,0.02962963,,,
144,327,465,465,0.001686341,0.02962963,,,
145,327,465,465,0.001686341,0.02962963,,,
146,327,465,465,0.001686341,0.02962963,,,
147,327,465,465,0.001686341,0.02962963,,,
148,327,465,465,0.001686341,0.02962963,,,
149,327,465,465,0.001686341,0.02962963,,,
150,327,465,465,0.001686341,0.02962963,,,
151,327,465,465,0.001686341,0.02962963,,,
152,327,465,465,0.001686341,0.02962963,,,
153,327,465,465,0.001686341,0.02962963,,,
154,327,465,465,0.001686341,0.02962963,,,
155,327,465,465,0.001686341,0.02962963,,,
156,327,465,465,0.001686341,0.02962963,,,
157,327,465,465,0.001686341,0.02962963,,,
158,327,465,465,0.001686341,0.02962963,,,
159,327,464,466,0.001686341,0.037037037,,,
160,328,465,465,0.003372681,0.02962963,,,
161,327,465,465,0.001686341,0.02962963,,,
162,327,465,465,0.001686341,0.02962963,,,
163,327,465,465,0.001686341,0.02962963,,,
164,327,465,465,0.001686341,0.02962963,,,
165,327,465,465,0.001686341,0.02962963,,,
166,327,465,465,0.001686341,0.02962963,,,
167,327,465,465,0.001686341,0.02962963,,,
168,327,465,465,0.001686341,0.02962963,,,
169,327,465,465,0.001686341,0.02962963,,,
170,327,465,465,0.001686341,0.02962963,,,
171,327,465,465,0.001686341,0.02962963,,,
172,327,465,465,0.001686341,0.02962963,,,
173,327,465,465,0.001686341,0.02962963,,,
174,327,465,465,0.001686341,0.02962963,,,
175,327,465,465,0.001686341,0.02962963,,,
176,327,465,465,0.001686341,0.02962963,,,
177,327,465,465,0.001686341,0.02962963,,,
178,327,465,465,0.001686341,0.02962963,,,
179,327,465,465,0.001686341,0.02962963,,,
180,327,465,465,0.001686341,0.02962963,,,
181,327,465,465,0.001686341,0.02962963,,,
182,327,465,465,0.001686341,0.02962963,,,
183,327,465,465,0.001686341,0.02962963,,,
184,327,465,465,0.001686341,0.02962963,,,
185,327,465,465,0.001686341,0.02962963,,,
186,327,465,465,0.001686341,0.02962963,,,
187,327,465,465,0.001686341,0.02962963,,,
188,327,465,465,0.001686341,0.02962963,,,
189,327,465,465,0.001686341,0.02962963,,,
190,327,465,465,0.001686341,0.02962963,,,
191,327,465,465,0.001686341,0.02962963,,,
192,327,465,465,0.001686341,0.02962963,,,
193,327,465,465,0.001686341,0.02962963,,,
194,327,465,465,0.001686341,0.02962963,,,
195,327,465,465,0.001686341,0.02962963,,,
196,328,465,465,0.003372681,0.02962963,,,
197,328,465,465,0.003372681,0.02962963,,,
198,327,465,465,0.001686341,0.02962963,,,
199,327,465,465,0.001686341,0.02962963,,,
200,327,465,465,0.001686341,0.02962963,,,
201,327,465,465,0.001686341,0.02962963,,,
202,327,465,465,0.001686341,0.02962963,,,
203,327,465,465,0.001686341,0.02962963,,,
204,327,465,465,0.001686341,0.02962963,,,
205,327,465,465,0.001686341,0.02962963,,,
206,327,465,465,0.001686341,0.02962963,,,
207,327,465,465,0.001686341,0.02962963,,,
208,327,465,465,0.001686341,0.02962963,,,
209,327,465,465,0.001686341,0.02962963,,,
210,327,465,465,0.001686341,0.02962963,,,
211,327,465,465,0.001686341,0.02962963,,,
212,327,465,465,0.001686341,0.02962963,,,
213,327,465,465,0.001686341,0.02962963,,,
214,327,465,465,0.001686341,0.02962963,,,
215,327,465,465,0.001686341,0.02962963,,,
216,327,465,465,0.001686341,0.02962963,,,
217,327,465,465,0.001686341,0.02962963,,,
218,327,465,465,0.001686341,0.02962963,,,
219,328,465,465,0.003372681,0.02962963,,,
220,327,465,465,0.001686341,0.02962963,,,
221,327,465,465,0.001686341,0.02962963,,,
222,328,465,465,0.003372681,0.02962963,,,
223,327,465,465,0.001686341,0.02962963,,,
224,327,465,465,0.001686341,0.02962963,,,
225,327,465,465,0.001686341,0.02962963,,,
226,327,465,465,0.001686341,0.02962963,,,
227,327,465,465,0.001686341,0.02962963,,,
228,327,465,465,0.001686341,0.02962963,,,
229,327,465,465,0.001686341,0.02962963,,,
230,327,465,465,0.001686341,0.02962963,,,
231,327,465,465,0.001686341,0.02962963,,,
232,327,465,465,0.001686341,0.02962963,,,
233,327,465,465,0.001686341,0.02962963,,,
234,327,465,465,0.001686341,0.02962963,,,
235,327,465,465,0.001686341,0.02962963,,,
236,327,465,465,0.001686341,0.02962963,,,
237,327,465,465,0.001686341,0.02962963,,,
238,327,465,465,0.001686341,0.02962963,,,
239,327,465,465,0.001686341,0.02962963,,,
240,327,464,466,0.001686341,0.037037037,,,
241,327,465,465,0.001686341,0.02962963,,,
242,327,465,465,0.001686341,0.02962963,,,
243,327,465,465,0.001686341,0.02962963,,,
244,327,465,465,0.001686341,0.02962963,,,
245,327,465,465,0.001686341,0.02962963,,,
246,327,465,465,0.001686341,0.02962963,,,
247,327,465,465,0.001686341,0.02962963,,,
248,327,465,465,0.001686341,0.02962963,,,
249,327,465,465,0.001686341,0.02962963,,,
250,327,465,465,0.001686341,0.02962963,,,
251,327,465,465,0.001686341,0.02962963,,,
252,327,465,465,0.001686341,0.02962963,,,
253,327,464,466,0.001686341,0.037037037,,,
254,327,465,465,0.001686341,0.02962963,,,
255,327,465,465,0.001686341,0.02962963,,,
256,327,465,465,0.001686341,0.02962963,,,
257,327,465,465,0.001686341,0.02962963,,,
258,327,465,465,0.001686341,0.02962963,,,
259,327,465,465,0.001686341,0.02962963,,,
260,327,465,465,0.001686341,0.02962963,,,
261,327,465,465,0.001686341,0.02962963,,,
262,327,465,465,0.001686341,0.02962963,,,
263,327,465,465,0.001686341,0.02962963,,,
264,327,465,465,0.001686341,0.02962963,,,
265,327,465,465,0.001686341,0.02962963,,,
266,327,465,465,0.001686341,0.02962963,,,
267,327,464,466,0.001686341,0.037037037,,,
268,327,464,466,0.001686341,0.037037037,,,
269,327,465,465,0.001686341,0.02962963,,,
270,327,465,465,0.001686341,0.02962963,,,
271,327,465,465,0.001686341,0.02962963,,,
272,327,464,466,0.001686341,0.037037037,,,
273,327,464,466,0.001686341,0.037037037,,,
274,327,464,466,0.001686341,0.037037037,,,
275,327,464,466,0.001686341,0.037037037,,,
276,327,465,465,0.001686341,0.02962963,,,
277,327,464,466,0.001686341,0.037037037,,,
278,327,464,466,0.001686341,0.037037037,,,
279,327,464,466,0.001686341,0.037037037,,,
280,327,464,466,0.001686341,0.037037037,,,
281,327,464,466,0.001686341,0.037037037,,,
282,327,464,466,0.001686341,0.037037037,,,
283,327,464,466,0.001686341,0.037037037,,,
284,327,464,466,0.001686341,0.037037037,,,
285,327,464,466,0.001686341,0.037037037,,,
286,327,464,466,0.001686341,0.037037037,,,
287,327,464,466,0.001686341,0.037037037,,,
288,327,464,466,0.001686341,0.037037037,,,
289,327,464,466,0.001686341,0.037037037,,,
290,329,464,466,0.005059022,0.037037037,,,
291,329,464,466,0.005059022,0.037037037,,,
292,330,464,466,0.006745363,0.037037037,,,
293,329,464,466,0.005059022,0.037037037,,,
294,330,464,466,0.006745363,0.037037037,,,
295,330,464,466,0.006745363,0.037037037,,,
296,330,464,466,0.006745363,0.037037037,,,
297,331,464,466,0.008431703,0.037037037,,,
298,332,464,466,0.010118044,0.037037037,,,
299,332,464,466,0.010118044,0.037037037,,,
300,332,464,466,0.010118044,0.037037037,,,
301,333,463,467,0.011804384,0.044444444,,,
302,333,463,467,0.011804384,0.044444444,,,
303,334,463,467,0.013490725,0.044444444,,,
304,335,463,467,0.015177066,0.044444444,,,
305,335,463,467,0.015177066,0.044444444,,,
306,337,463,467,0.018549747,0.044444444,,,
307,338,463,467,0.020236088,0.044444444,,,
308,338,463,467,0.020236088,0.044444444,,,
309,339,462,468,0.021922428,0.051851852,,,
310,340,462,468,0.023608769,0.051851852,,,
311,341,462,468,0.02529511,0.051851852,,,
312,343,462,468,0.028667791,0.051851852,,,
313,344,461,469,0.030354132,0.059259259,,,
314,345,462,468,0.032040472,0.051851852,,,
315,346,461,469,0.033726813,0.059259259,,,
316,347,461,469,0.035413153,0.059259259,,,
317,349,461,469,0.038785835,0.059259259,,,
318,350,460,470,0.040472175,0.066666667,,,
319,352,460,470,0.043844857,0.066666667,,,
320,354,460,470,0.047217538,0.066666667,,,
321,357,459,471,0.05227656,0.074074074,,,
322,359,458,472,0.055649241,0.081481481,,,
323,362,457,473,0.060708263,0.088888889,,,
324,365,457,473,0.065767285,0.088888889,,,
325,368,456,474,0.070826307,0.096296296,,,
326,372,456,474,0.077571669,0.096296296,,,
327,375,455,475,0.082630691,0.103703704,,,
328,379,455,475,0.089376054,0.103703704,,,
329,382,454,476,0.094435076,0.111111111,,,
330,386,453,477,0.101180438,0.118518519,,,
331,390,452,478,0.107925801,0.125925926,,,
332,394,451,479,0.114671164,0.133333333,,,
333,398,451,479,0.121416526,0.133333333,,,
334,402,450,480,0.128161889,0.140740741,,,
335,406,450,480,0.134907251,0.140740741,,,
336,409,450,480,0.139966273,0.140740741,,,
337,411,449,481,0.143338954,0.148148148,,,
338,413,449,481,0.146711636,0.148148148,,,
339,415,449,481,0.150084317,0.148148148,,,
340,415,448,482,0.150084317,0.155555556,,,
341,418,448,482,0.155143339,0.155555556,,,
342,419,447,483,0.15682968,0.162962963,,,
343,421,447,483,0.160202361,0.162962963,,,
344,424,447,483,0.165261383,0.162962963,,,
345,426,446,484,0.168634064,0.17037037,,,
346,427,446,484,0.170320405,0.17037037,,,
347,429,445,485,0.173693086,0.177777778,,,
348,431,445,485,0.177065767,0.177777778,,,
349,433,445,485,0.180438449,0.177777778,,,
350,436,444,486,0.18549747,0.185185185,,,
351,438,444,486,0.188870152,0.185185185,,,
352,440,444,486,0.192242833,0.185185185,,,
353,443,444,486,0.197301855,0.185185185,,,
354,445,443,487,0.200674536,0.192592593,,,
355,447,443,487,0.204047218,0.192592593,,,
356,450,443,487,0.209106239,0.192592593,,,
357,452,442,488,0.212478921,0.2,,,
358,454,441,489,0.215851602,0.207407407,,,
359,456,441,489,0.219224283,0.207407407,,,
360,459,440,490,0.224283305,0.214814815,,,
361,460,440,490,0.225969646,0.214814815,,,
362,463,439,491,0.231028668,0.222222222,,,
363,466,438,492,0.23608769,0.22962963,,,
364,468,437,493,0.239460371,0.237037037,,,
365,471,437,493,0.244519393,0.237037037,,,
366,473,437,493,0.247892074,0.237037037,,,
367,475,436,494,0.251264755,0.244444444,,,
368,478,436,494,0.256323777,0.244444444,,,
369,481,435,495,0.261382799,0.251851852,,,
370,483,434,496,0.264755481,0.259259259,,,
371,485,434,496,0.268128162,0.259259259,,,
372,488,433,497,0.273187184,0.266666667,,,
373,491,433,497,0.278246206,0.266666667,,,
374,493,432,498,0.281618887,0.274074074,,,
375,496,432,498,0.286677909,0.274074074,,,
376,499,431,499,0.291736931,0.281481481,,,
377,501,431,499,0.295109612,0.281481481,,,
378,505,430,500,0.301854975,0.288888889,,,
379,507,429,501,0.305227656,0.296296296,,,
380,510,429,501,0.310286678,0.296296296,,,
381,512,428,502,0.313659359,0.303703704,,,
382,515,428,502,0.318718381,0.303703704,,,
383,518,427,503,0.323777403,0.311111111,,,
384,520,427,503,0.327150084,0.311111111,,,
385,523,426,504,0.332209106,0.318518519,,,
386,526,426,504,0.337268128,0.318518519,,,
387,528,425,505,0.340640809,0.325925926,,,
388,531,424,506,0.345699831,0.333333333,,,
389,534,424,506,0.350758853,0.333333333,,,
390,537,423,507,0.355817875,0.340740741,,,
391,540,423,507,0.360876897,0.340740741,,,
392,542,422,508,0.364249578,0.348148148,,,
393,545,421,509,0.3693086,0.355555556,,,
394,547,421,509,0.372681282,0.355555556,,,
395,551,420,510,0.379426644,0.362962963,,,
396,554,420,510,0.384485666,0.362962963,,,
397,556,419,511,0.387858347,0.37037037,,,
398,559,418,512,0.392917369,0.377777778,,,
399,562,418,512,0.397976391,0.377777778,,,
400,564,417,513,0.401349073,0.385185185,,,
401,568,417,513,0.408094435,0.385185185,,,
402,570,416,514,0.411467116,0.392592593,,,
403,573,415,515,0.416526138,0.4,,,
404,576,415,515,0.42158516,0.4,,,
405,579,414,516,0.426644182,0.407407407,,,
406,582,413,517,0.431703204,0.414814815,,,
407,585,413,517,0.436762226,0.414814815,,,
408,588,412,518,0.441821248,0.422222222,,,
409,592,411,519,0.44856661,0.42962963,,,
410,595,411,519,0.453625632,0.42962963,,,
411,598,410,520,0.458684654,0.437037037,,,
412,601,409,521,0.463743676,0.444444444,,,
413,604,409,521,0.468802698,0.444444444,,,
414,607,408,522,0.47386172,0.451851852,,,
415,610,407,523,0.478920742,0.459259259,,,
416,613,407,523,0.483979764,0.459259259,,,
417,616,406,524,0.489038786,0.466666667,,,
418,619,405,525,0.494097808,0.474074074,,,
419,622,404,526,0.49915683,0.481481481,,,
420,626,404,526,0.505902192,0.481481481,,,
421,629,403,527,0.510961214,0.488888889,,,
422,632,402,528,0.516020236,0.496296296,,,
423,635,401,529,0.521079258,0.503703704,,,
424,639,401,529,0.527824621,0.503703704,,,
425,642,400,530,0.532883642,0.511111111,,,
426,645,400,530,0.537942664,0.511111111,,,
427,648,400,530,0.543001686,0.511111111,,,
428,652,399,531,0.549747049,0.518518519,,,
429,654,398,532,0.55311973,0.525925926,,,
430,658,397,533,0.559865093,0.533333333,,,
431,661,396,534,0.564924115,0.540740741,,,
432,664,395,535,0.569983137,0.548148148,,,
433,668,395,535,0.576728499,0.548148148,,,
434,671,395,535,0.581787521,0.548148148,,,
435,674,394,536,0.586846543,0.555555556,,,
436,678,393,537,0.593591906,0.562962963,,,
437,682,392,538,0.600337268,0.57037037,,,
438,684,391,539,0.603709949,0.577777778,,,
439,687,391,539,0.608768971,0.577777778,,,
440,691,390,540,0.615514334,0.585185185,,,
441,695,390,540,0.622259696,0.585185185,,,
442,698,389,541,0.627318718,0.592592593,,,
443,702,388,542,0.634064081,0.6,,,
444,705,388,542,0.639123103,0.6,,,
445,709,387,543,0.645868465,0.607407407,,,
446,712,386,544,0.650927487,0.614814815,,,
447,716,385,545,0.65767285,0.622222222,,,
448,719,384,546,0.662731872,0.62962963,,,
449,722,384,546,0.667790894,0.62962963,,,
450,726,383,547,0.674536256,0.637037037,,,
451,729,382,548,0.679595278,0.644444444,,,
452,732,381,549,0.6846543,0.651851852,,,
453,737,380,550,0.693086003,0.659259259,,,
454,740,380,550,0.698145025,0.659259259,,,
455,744,379,551,0.704890388,0.666666667,,,
456,747,378,552,0.70994941,0.674074074,,,
457,750,378,552,0.715008432,0.674074074,,,
458,754,377,553,0.721753794,0.681481481,,,
459,758,376,554,0.728499157,0.688888889,,,
460,761,375,555,0.733558179,0.696296296,,,
461,765,375,555,0.740303541,0.696296296,,,
462,768,374,556,0.745362563,0.703703704,,,
463,772,373,557,0.752107926,0.711111111,,,
464,775,372,558,0.757166948,0.718518519,,,
465,779,371,559,0.76391231,0.725925926,,,
466,783,371,559,0.770657673,0.725925926,,,
467,786,370,560,0.775716695,0.733333333,,,
468,790,369,561,0.782462057,0.740740741,,,
469,794,368,562,0.78920742,0.748148148,,,
470,797,367,563,0.794266442,0.755555556,,,
471,801,366,564,0.801011804,0.762962963,,,
472,805,366,564,0.807757167,0.762962963,,,
473,807,365,565,0.811129848,0.77037037,,,
474,811,364,566,0.817875211,0.777777778,,,
475,814,363,567,0.822934233,0.785185185,,,
476,817,362,568,0.827993255,0.792592593,,,
477,822,361,569,0.836424958,0.8,,,
478,825,360,570,0.84148398,0.807407407,,,
479,827,360,570,0.844856661,0.807407407,,,
480,831,359,571,0.851602024,0.814814815,,,
481,834,358,572,0.856661046,0.822222222,,,
482,838,357,573,0.863406408,0.82962963,,,
483,841,357,573,0.86846543,0.82962963,,,
484,844,355,575,0.873524452,0.844444444,,,
485,848,355,575,0.880269815,0.844444444,,,
486,851,354,576,0.885328836,0.851851852,,,
487,854,354,576,0.890387858,0.851851852,,,
488,857,353,577,0.89544688,0.859259259,,,
489,860,352,578,0.900505902,0.866666667,,,
490,859,351,579,0.898819562,0.874074074,,,
491,863,351,579,0.905564924,0.874074074,,,
492,862,350,580,0.903878583,0.881481481,,,
493,864,349,581,0.907251265,0.888888889,,,
494,859,348,582,0.898819562,0.896296296,,,
495,859,348,582,0.898819562,0.896296296,,,
496,868,347,583,0.913996627,0.903703704,,,
497,869,346,584,0.915682968,0.911111111,,,
498,872,346,584,0.92074199,0.911111111,,,
499,874,345,585,0.924114671,0.918518519,,,
500,875,345,585,0.925801012,0.918518519,,,
501,875,345,585,0.925801012,0.918518519,,,
502,875,345,585,0.925801012,0.918518519,,,
503,875,344,586,0.925801012,0.925925926,,,
504,875,344,586,0.925801012,0.925925926,,,
505,876,344,586,0.927487352,0.925925926,,,
506,875,344,586,0.925801012,0.925925926,,,
507,876,344,586,0.927487352,0.925925926,,,
508,876,343,587,0.927487352,0.933333333,,,
509,877,343,587,0.929173693,0.933333333,,,
510,877,343,587,0.929173693,0.933333333,,,
511,877,342,588,0.929173693,0.940740741,,,
512,877,342,588,0.929173693,0.940740741,,,
513,878,342,588,0.930860034,0.940740741,,,
514,879,342,588,0.932546374,0.940740741,,,
515,880,342,588,0.934232715,0.940740741,,,
516,881,341,589,0.935919056,0.948148148,,,
517,882,341,589,0.937605396,0.948148148,,,
518,884,341,589,0.940978078,0.948148148,,,
519,885,341,589,0.942664418,0.948148148,,,
520,886,341,589,0.944350759,0.948148148,,,
521,887,340,590,0.946037099,0.955555556,,,
522,889,339,591,0.949409781,0.962962963,,,
523,893,338,592,0.956155143,0.97037037,,,
524,895,337,593,0.959527825,0.977777778,,,
525,898,337,593,0.964586847,0.977777778,,,
526,902,335,595,0.971332209,0.992592593,,,
527,906,335,595,0.978077572,0.992592593,,,
528,909,335,595,0.983136594,0.992592593,,,
529,913,335,595,0.989881956,0.992592593,,,
530,915,335,595,0.993254637,0.992592593,,,
531,918,335,595,0.998313659,0.992592593,,,
532,918,335,595,0.998313659,0.992592593,,,
533,919,335,595,1,0.992592593,,,
534,919,335,595,1,0.992592593,,,
535,918,334,596,0.998313659,1,,,
536,919,335,595,1,0.992592593,,,
537,918,335,595,0.998313659,0.992592593,,,
538,918,335,595,0.998313659,0.992592593,,,
539,918,335,595,0.998313659,0.992592593,,,
540,918,335,595,0.998313659,0.992592593,,,
541,919,335,595,1,0.992592593,,,
542,918,335,595,0.998313659,0.992592593,,,
543,918,335,595,0.998313659,0.992592593,,,
544,918,335,595,0.998313659,0.992592593,,,
545,919,335,595,1,0.992592593,,,
546,918,335,595,0.998313659,0.992592593,,,
547,918,335,595,0.998313659,0.992592593,,,
548,918,335,595,0.998313659,0.992592593,,,
549,918,335,595,0.998313659,0.992592593,,,
550,918,335,595,0.998313659,0.992592593,,,
551,918,335,595,0.998313659,0.992592593,,,
552,918,335,595,0.998313659,0.992592593,,,
553,918,334,596,0.998313659,1,,,
554,917,335,595,0.996627319,0.992592593,,,
555,918,335,595,0.998313659,0.992592593,,,
556,918,335,595,0.998313659,0.992592593,,,
557,917,335,595,0.996627319,0.992592593,,,
558,918,335,595,0.998313659,0.992592593,,,
559,918,335,595,0.998313659,0.992592593,,,
560,917,335,595,0.996627319,0.992592593,,,
561,918,335,595,0.998313659,0.992592593,,,
562,917,335,595,0.996627319,0.992592593,,,
563,918,335,595,0.998313659,0.992592593,,,
564,917,335,595,0.996627319,0.992592593,,,
565,918,335,595,0.998313659,0.992592593,,,
566,917,335,595,0.996627319,0.992592593,,,
567,917,335,595,0.996627319,0.992592593,,,
568,917,335,595,0.996627319,0.992592593,,,
569,917,335,595,0.996627319,0.992592593,,,
570,918,335,595,0.998313659,0.992592593,,,
571,917,335,595,0.996627319,0.992592593,,,
572,917,335,595,0.996627319,0.992592593,,,
573,917,335,595,0.996627319,0.992592593,,,
574,917,335,595,0.996627319,0.992592593,,,
575,916,335,595,0.994940978,0.992592593,,,
576,916,335,595,0.994940978,0.992592593,,,
577,917,335,595,0.996627319,0.992592593,,,
578,917,335,595,0.996627319,0.992592593,,,
579,916,335,595,0.994940978,0.992592593,,,
580,916,335,595,0.994940978,0.992592593,,,
581,916,335,595,0.994940978,0.992592593,,,
582,916,335,595,0.994940978,0.992592593,,,
583,915,335,595,0.993254637,0.992592593,,,
584,915,335,595,0.993254637,0.992592593,,,
585,915,335,595,0.993254637,0.992592593,,,
586,914,335,595,0.991568297,0.992592593,,,
587,914,335,595,0.991568297,0.992592593,,,
588,913,336,594,0.989881956,0.985185185,,,
589,912,336,594,0.988195616,0.985185185,,,
590,910,336,594,0.984822934,0.985185185,,,
591,909,336,594,0.983136594,0.985185185,,,
592,907,337,593,0.979763912,0.977777778,,,
593,905,338,592,0.976391231,0.97037037,,,
594,903,339,591,0.97301855,0.962962963,,,
595,900,339,591,0.967959528,0.962962963,,,
596,898,339,591,0.964586847,0.962962963,,,
597,896,339,591,0.961214165,0.962962963,,,
598,893,339,591,0.956155143,0.962962963,,,
599,892,339,591,0.954468803,0.962962963,,,
600,892,339,591,0.954468803,0.962962963,,,
601,890,339,591,0.951096121,0.962962963,,,
602,890,339,591,0.951096121,0.962962963,,,
603,889,339,591,0.949409781,0.962962963,,,
604,888,339,591,0.94772344,0.962962963,,,
605,887,339,591,0.946037099,0.962962963,,,
606,887,340,590,0.946037099,0.955555556,,,
607,886,339,591,0.944350759,0.962962963,,,
608,886,339,591,0.944350759,0.962962963,,,
609,886,339,591,0.944350759,0.962962963,,,
610,885,339,591,0.942664418,0.962962963,,,
611,884,340,590,0.940978078,0.955555556,,,
612,883,339,591,0.939291737,0.962962963,,,
613,883,340,590,0.939291737,0.955555556,,,
614,883,340,590,0.939291737,0.955555556,,,
615,883,340,590,0.939291737,0.955555556,,,
616,883,340,590,0.939291737,0.955555556,,,
617,882,340,590,0.937605396,0.955555556,,,
618,882,340,590,0.937605396,0.955555556,,,
619,881,340,590,0.935919056,0.955555556,,,
620,880,341,589,0.934232715,0.948148148,,,
621,879,341,589,0.932546374,0.948148148,,,
622,879,341,589,0.932546374,0.948148148,,,
623,879,341,589,0.932546374,0.948148148,,,
624,877,341,589,0.929173693,0.948148148,,,
625,877,341,589,0.929173693,0.948148148,,,
626,876,341,589,0.927487352,0.948148148,,,
627,876,342,588,0.927487352,0.940740741,,,
628,875,342,588,0.925801012,0.940740741,,,
629,875,342,588,0.925801012,0.940740741,,,
630,874,342,588,0.924114671,0.940740741,,,
631,874,342,588,0.924114671,0.940740741,,,
632,875,342,588,0.925801012,0.940740741,,,
633,874,342,588,0.924114671,0.940740741,,,
634,874,342,588,0.924114671,0.940740741,,,
635,874,342,588,0.924114671,0.940740741,,,
636,874,342,588,0.924114671,0.940740741,,,
637,874,342,588,0.924114671,0.940740741,,,
638,874,342,588,0.924114671,0.940740741,,,
639,873,342,588,0.922428331,0.940740741,,,
640,874,342,588,0.924114671,0.940740741,,,
641,874,342,588,0.924114671,0.940740741,,,
642,873,342,588,0.922428331,0.940740741,,,
643,874,342,588,0.924114671,0.940740741,,,
644,873,342,588,0.922428331,0.940740741,,,
645,873,342,588,0.922428331,0.940740741,,,
646,874,342,588,0.924114671,0.940740741,,,
647,873,342,588,0.922428331,0.940740741,,,
648,873,342,588,0.922428331,0.940740741,,,
649,873,342,588,0.922428331,0.940740741,,,
650,873,342,588,0.922428331,0.940740741,,,
651,873,342,588,0.922428331,0.940740741,,,
652,873,342,588,0.922428331,0.940740741,,,
653,873,342,588,0.922428331,0.940740741,,,
654,873,342,588,0.922428331,0.940740741,,,
655,873,342,588,0.922428331,0.940740741,,,
656,873,342,588,0.922428331,0.940740741,,,
657,873,342,588,0.922428331,0.940740741,,,
658,872,342,588,0.92074199,0.940740741,,,
659,872,342,588,0.92074199,0.940740741,,,
660,872,342,588,0.92074199,0.940740741,,,
661,872,342,588,0.92074199,0.940740741,,,
662,873,342,588,0.922428331,0.940740741,,,
663,872,342,588,0.92074199,0.940740741,,,
664,872,342,588,0.92074199,0.940740741,,,
665,872,342,588,0.92074199,0.940740741,,,
666,871,342,588,0.919055649,0.940740741,,,
667,872,342,588,0.92074199,0.940740741,,,
668,871,342,588,0.919055649,0.940740741,,,
669,871,342,588,0.919055649,0.940740741,,,
670,871,343,587,0.919055649,0.933333333,,,
671,871,342,588,0.919055649,0.940740741,,,
672,871,343,587,0.919055649,0.933333333,,,
673,871,343,587,0.919055649,0.933333333,,,
674,871,343,587,0.919055649,0.933333333,,,
675,870,343,587,0.917369309,0.933333333,,,
676,871,343,587,0.919055649,0.933333333,,,
677,870,343,587,0.917369309,0.933333333,,,
678,871,343,587,0.919055649,0.933333333,,,
679,870,343,587,0.917369309,0.933333333,,,
680,870,343,587,0.917369309,0.933333333,,,
681,870,343,587,0.917369309,0.933333333,,,
682,870,343,587,0.917369309,0.933333333,,,
683,869,343,587,0.915682968,0.933333333,,,
684,869,343,587,0.915682968,0.933333333,,,
685,869,343,587,0.915682968,0.933333333,,,
686,869,343,587,0.915682968,0.933333333,,,
687,869,343,587,0.915682968,0.933333333,,,
688,869,344,586,0.915682968,0.925925926,,,
689,869,343,587,0.915682968,0.933333333,,,
690,869,343,587,0.915682968,0.933333333,,,
691,869,343,587,0.915682968,0.933333333,,,
692,868,343,587,0.913996627,0.933333333,,,
693,868,344,586,0.913996627,0.925925926,,,
694,869,343,587,0.915682968,0.933333333,,,
695,868,343,587,0.913996627,0.933333333,,,
696,868,343,587,0.913996627,0.933333333,,,
697,868,343,587,0.913996627,0.933333333,,,
698,869,343,587,0.915682968,0.933333333,,,
699,868,344,586,0.913996627,0.925925926,,,
700,869,343,587,0.915682968,0.933333333,,,
701,869,343,587,0.915682968,0.933333333,,,
702,868,344,586,0.913996627,0.925925926,,,
703,868,343,587,0.913996627,0.933333333,,,
704,868,344,586,0.913996627,0.925925926,,,
705,868,344,586,0.913996627,0.925925926,,,
706,867,344,586,0.912310287,0.925925926,,,
707,868,344,586,0.913996627,0.925925926,,,
708,867,344,586,0.912310287,0.925925926,,,
709,867,344,586,0.912310287,0.925925926,,,
710,867,344,586,0.912310287,0.925925926,,,
711,867,344,586,0.912310287,0.925925926,,,
712,867,344,586,0.912310287,0.925925926,,,
713,867,344,586,0.912310287,0.925925926,,,
714,867,344,586,0.912310287,0.925925926,,,
715,867,344,586,0.912310287,0.925925926,,,
716,868,344,586,0.913996627,0.925925926,,,
717,867,344,586,0.912310287,0.925925926,,,
718,867,344,586,0.912310287,0.925925926,,,
719,868,344,586,0.913996627,0.925925926,,,
720,867,344,586,0.912310287,0.925925926,,,
721,867,344,586,0.912310287,0.925925926,,,
722,866,344,586,0.910623946,0.925925926,,,
723,866,344,586,0.910623946,0.925925926,,,
724,866,344,586,0.910623946,0.925925926,,,
725,866,344,586,0.910623946,0.925925926,,,
726,865,344,586,0.908937605,0.925925926,,,
727,866,345,585,0.910623946,0.918518519,,,
728,866,344,586,0.910623946,0.925925926,,,
729,865,345,585,0.908937605,0.918518519,,,
730,865,345,585,0.908937605,0.918518519,,,
731,865,345,585,0.908937605,0.918518519,,,
732,865,345,585,0.908937605,0.918518519,,,
733,864,345,585,0.907251265,0.918518519,,,
734,866,345,585,0.910623946,0.918518519,,,
735,865,345,585,0.908937605,0.918518519,,,
736,864,345,585,0.907251265,0.918518519,,,
737,865,345,585,0.908937605,0.918518519,,,
738,865,345,585,0.908937605,0.918518519,,,
739,864,345,585,0.907251265,0.918518519,,,
740,864,345,585,0.907251265,0.918518519,,,
741,865,345,585,0.908937605,0.918518519,,,
742,864,345,585,0.907251265,0.918518519,,,
743,864,345,585,0.907251265,0.918518519,,,
744,864,345,585,0.907251265,0.918518519,,,
745,864,345,585,0.907251265,0.918518519,,,
746,864,345,585,0.907251265,0.918518519,,,
747,864,345,585,0.907251265,0.918518519,,,
748,864,345,585,0.907251265,0.918518519,,,
749,863,345,585,0.905564924,0.918518519,,,
750,864,345,585,0.907251265,0.918518519,,,
751,863,345,585,0.905564924,0.918518519,,,
752,864,345,585,0.907251265,0.918518519,,,
753,863,345,585,0.905564924,0.918518519,,,
754,863,345,585,0.905564924,0.918518519,,,
755,863,345,585,0.905564924,0.918518519,,,
756,863,345,585,0.905564924,0.918518519,,,
757,863,345,585,0.905564924,0.918518519,,,
758,863,345,585,0.905564924,0.918518519,,,
759,863,345,585,0.905564924,0.918518519,,,
760,863,345,585,0.905564924,0.918518519,,,
761,863,345,585,0.905564924,0.918518519,,,
762,863,345,585,0.905564924,0.918518519,,,
763,863,345,585,0.905564924,0.918518519,,,
764,863,345,585,0.905564924,0.918518519,,,
765,863,345,585,0.905564924,0.918518519,,,
766,862,345,585,0.903878583,0.918518519,,,
767,863,345,585,0.905564924,0.918518519,,,
768,862,345,585,0.903878583,0.918518519,,,
769,863,345,585,0.905564924,0.918518519,,,
770,862,346,584,0.903878583,0.911111111,,,
771,862,346,584,0.903878583,0.911111111,,,
772,862,346,584,0.903878583,0.911111111,,,
773,863,346,584,0.905564924,0.911111111,,,
774,862,345,585,0.903878583,0.918518519,,,
775,862,346,584,0.903878583,0.911111111,,,
776,862,346,584,0.903878583,0.911111111,,,
777,863,346,584,0.905564924,0.911111111,,,
778,862,346,584,0.903878583,0.911111111,,,
779,862,346,584,0.903878583,0.911111111,,,
780,862,346,584,0.903878583,0.911111111,,,
781,862,346,584,0.903878583,0.911111111,,,
782,862,346,584,0.903878583,0.911111111,,,
783,862,346,584,0.903878583,0.911111111,,,
784,862,346,584,0.903878583,0.911111111,,,
785,862,346,584,0.903878583,0.911111111,,,
786,861,346,584,0.902192243,0.911111111,,,
787,862,346,584,0.903878583,0.911111111,,,
788,862,346,584,0.903878583,0.911111111,,,
789,861,346,584,0.902192243,0.911111111,,,
790,861,346,584,0.902192243,0.911111111,,,
791,861,346,584,0.902192243,0.911111111,,,
792,861,346,584,0.902192243,0.911111111,,,
793,861,346,584,0.902192243,0.911111111,,,
794,862,346,584,0.903878583,0.911111111,,,
795,862,346,584,0.903878583,0.911111111,,,
796,861,346,584,0.902192243,0.911111111,,,
797,861,346,584,0.902192243,0.911111111,,,
798,861,346,584,0.902192243,0.911111111,,,
799,861,346,584,0.902192243,0.911111111,,,
800,861,346,584,0.902192243,0.911111111,,,
801,861,346,584,0.902192243,0.911111111,,,
802,861,346,584,0.902192243,0.911111111,,,
803,861,346,584,0.902192243,0.911111111,,,
804,860,346,584,0.900505902,0.911111111,,,
805,861,346,584,0.902192243,0.911111111,,,
806,860,346,584,0.900505902,0.911111111,,,
807,860,346,584,0.900505902,0.911111111,,,
808,860,346,584,0.900505902,0.911111111,,,
809,861,346,584,0.902192243,0.911111111,,,
810,860,346,584,0.900505902,0.911111111,,,
811,860,346,584,0.900505902,0.911111111,,,
812,860,346,584,0.900505902,0.911111111,,,
813,860,346,584,0.900505902,0.911111111,,,
814,860,346,584,0.900505902,0.911111111,,,
815,859,346,584,0.898819562,0.911111111,,,
816,859,346,584,0.898819562,0.911111111,,,
817,859,347,583,0.898819562,0.903703704,,,
818,859,347,583,0.898819562,0.903703704,,,
819,858,347,583,0.897133221,0.903703704,,,
820,859,347,583,0.898819562,0.903703704,,,
821,858,347,583,0.897133221,0.903703704,,,
822,858,347,583,0.897133221,0.903703704,,,
823,857,347,583,0.89544688,0.903703704,,,
824,856,347,583,0.89376054,0.903703704,,,
825,856,347,583,0.89376054,0.903703704,,,
826,856,347,583,0.89376054,0.903703704,,,
827,856,347,583,0.89376054,0.903703704,,,
828,855,348,582,0.892074199,0.896296296,,,
829,854,348,582,0.890387858,0.896296296,,,
830,854,348,582,0.890387858,0.896296296,,,
831,854,348,582,0.890387858,0.896296296,,,
832,853,348,582,0.888701518,0.896296296,,,
833,852,348,582,0.887015177,0.896296296,,,
834,852,348,582,0.887015177,0.896296296,,,
835,852,348,582,0.887015177,0.896296296,,,
836,851,348,582,0.885328836,0.896296296,,,
837,850,349,581,0.883642496,0.888888889,,,
838,850,349,581,0.883642496,0.888888889,,,
839,848,349,581,0.880269815,0.888888889,,,
840,848,349,581,0.880269815,0.888888889,,,
841,847,349,581,0.878583474,0.888888889,,,
842,846,349,581,0.876897133,0.888888889,,,
843,845,350,580,0.875210793,0.881481481,,,
844,846,350,580,0.876897133,0.881481481,,,
845,844,350,580,0.873524452,0.881481481,,,
846,842,350,580,0.870151771,0.881481481,,,
847,843,351,579,0.871838111,0.874074074,,,
848,840,351,579,0.866779089,0.874074074,,,
849,839,351,579,0.865092749,0.874074074,,,
850,839,351,579,0.865092749,0.874074074,,,
851,837,352,578,0.861720067,0.866666667,,,
852,836,352,578,0.860033727,0.866666667,,,
853,835,353,577,0.858347386,0.859259259,,,
854,834,353,577,0.856661046,0.859259259,,,
855,832,353,577,0.853288364,0.859259259,,,
856,831,353,577,0.851602024,0.859259259,,,
857,830,354,576,0.849915683,0.851851852,,,
858,829,354,576,0.848229342,0.851851852,,,
859,828,354,576,0.846543002,0.851851852,,,
860,826,354,576,0.84317032,0.851851852,,,
861,824,355,575,0.839797639,0.844444444,,,
862,823,355,575,0.838111298,0.844444444,,,
863,822,355,575,0.836424958,0.844444444,,,
864,820,356,574,0.833052277,0.837037037,,,
865,818,356,574,0.829679595,0.837037037,,,
866,817,356,574,0.827993255,0.837037037,,,
867,815,357,573,0.824620573,0.82962963,,,
868,814,357,573,0.822934233,0.82962963,,,
869,812,358,572,0.819561551,0.822222222,,,
870,810,358,572,0.81618887,0.822222222,,,
871,808,358,572,0.812816189,0.822222222,,,
872,807,359,571,0.811129848,0.814814815,,,
873,805,359,571,0.807757167,0.814814815,,,
874,803,360,570,0.804384486,0.807407407,,,
875,801,360,570,0.801011804,0.807407407,,,
876,800,361,569,0.799325464,0.8,,,
877,798,361,569,0.795952782,0.8,,,
878,795,361,569,0.790893761,0.8,,,
879,793,362,568,0.787521079,0.792592593,,,
880,791,362,568,0.784148398,0.792592593,,,
881,789,363,567,0.780775717,0.785185185,,,
882,787,363,567,0.777403035,0.785185185,,,
883,784,364,566,0.772344013,0.777777778,,,
884,782,365,565,0.768971332,0.77037037,,,
885,780,365,565,0.765598651,0.77037037,,,
886,777,366,564,0.760539629,0.762962963,,,
887,775,366,564,0.757166948,0.762962963,,,
888,773,366,564,0.753794266,0.762962963,,,
889,770,367,563,0.748735245,0.755555556,,,
890,768,368,562,0.745362563,0.748148148,,,
891,766,369,561,0.741989882,0.740740741,,,
892,763,370,560,0.73693086,0.733333333,,,
893,760,371,559,0.731871838,0.725925926,,,
894,758,371,559,0.728499157,0.725925926,,,
895,755,371,559,0.723440135,0.725925926,,,
896,752,371,559,0.718381113,0.725925926,,,
897,749,372,558,0.713322091,0.718518519,,,
898,747,373,557,0.70994941,0.711111111,,,
899,744,373,557,0.704890388,0.711111111,,,
900,742,374,556,0.701517707,0.703703704,,,
901,738,375,555,0.694772344,0.696296296,,,
902,736,375,555,0.691399663,0.696296296,,,
903,732,376,554,0.6846543,0.688888889,,,
904,730,377,553,0.681281619,0.681481481,,,
905,727,377,553,0.676222597,0.681481481,,,
906,723,378,552,0.669477234,0.674074074,,,
907,721,378,552,0.666104553,0.674074074,,,
908,718,379,551,0.661045531,0.666666667,,,
909,714,380,550,0.654300169,0.659259259,,,
910,711,380,550,0.649241147,0.659259259,,,
911,708,381,549,0.644182125,0.651851852,,,
912,705,381,549,0.639123103,0.651851852,,,
913,703,382,548,0.635750422,0.644444444,,,
914,699,383,547,0.629005059,0.637037037,,,
915,696,384,546,0.623946037,0.62962963,,,
916,692,384,546,0.617200675,0.62962963,,,
917,690,385,545,0.613827993,0.622222222,,,
918,686,386,544,0.607082631,0.614814815,,,
919,683,386,544,0.602023609,0.614814815,,,
920,680,387,543,0.596964587,0.607407407,,,
921,676,388,542,0.590219224,0.6,,,
922,673,389,541,0.585160202,0.592592593,,,
923,670,389,541,0.58010118,0.592592593,,,
924,666,390,540,0.573355818,0.585185185,,,
925,662,391,539,0.566610455,0.577777778,,,
926,659,391,539,0.561551433,0.577777778,,,
927,656,392,538,0.556492411,0.57037037,,,
928,652,393,537,0.549747049,0.562962963,,,
929,649,394,536,0.544688027,0.555555556,,,
930,646,394,536,0.539629005,0.555555556,,,
931,642,395,535,0.532883642,0.548148148,,,
932,639,395,535,0.527824621,0.548148148,,,
933,635,396,534,0.521079258,0.540740741,,,
934,631,397,533,0.514333895,0.533333333,,,
935,628,398,532,0.509274874,0.525925926,,,
936,624,399,531,0.502529511,0.518518519,,,
937,621,400,530,0.497470489,0.511111111,,,
938,617,400,530,0.490725126,0.511111111,,,
939,614,400,530,0.485666105,0.511111111,,,
940,610,401,529,0.478920742,0.503703704,,,
941,607,402,528,0.47386172,0.496296296,,,
942,603,402,528,0.467116358,0.496296296,,,
943,599,403,527,0.460370995,0.488888889,,,
944,596,404,526,0.455311973,0.481481481,,,
945,592,404,526,0.44856661,0.481481481,,,
946,589,405,525,0.443507589,0.474074074,,,
947,585,406,524,0.436762226,0.466666667,,,
948,581,407,523,0.430016863,0.459259259,,,
949,578,408,522,0.424957841,0.451851852,,,
950,574,409,521,0.418212479,0.444444444,,,
951,570,410,520,0.411467116,0.437037037,,,
952,566,410,520,0.404721754,0.437037037,,,
953,563,411,519,0.399662732,0.42962963,,,
954,559,412,518,0.392917369,0.422222222,,,
955,555,412,518,0.386172007,0.422222222,,,
956,552,413,517,0.381112985,0.414814815,,,
957,548,414,516,0.374367622,0.407407407,,,
958,545,415,515,0.3693086,0.4,,,
959,540,416,514,0.360876897,0.392592593,,,
960,537,417,513,0.355817875,0.385185185,,,
961,533,418,512,0.349072513,0.377777778,,,
962,529,419,511,0.34232715,0.37037037,,,
963,526,419,511,0.337268128,0.37037037,,,
964,522,420,510,0.330522766,0.362962963,,,
965,518,421,509,0.323777403,0.355555556,,,
966,515,422,508,0.318718381,0.348148148,,,
967,510,422,508,0.310286678,0.348148148,,,
968,506,423,507,0.303541315,0.340740741,,,
969,504,424,506,0.300168634,0.333333333,,,
970,499,425,505,0.291736931,0.325925926,,,
971,496,425,505,0.286677909,0.325925926,,,
972,492,426,504,0.279932546,0.318518519,,,
973,488,427,503,0.273187184,0.311111111,,,
974,484,428,502,0.266441821,0.303703704,,,
975,481,428,502,0.261382799,0.303703704,,,
976,477,429,501,0.254637437,0.296296296,,,
977,473,430,500,0.247892074,0.288888889,,,
978,469,431,499,0.241146712,0.281481481,,,
979,465,432,498,0.234401349,0.274074074,,,
980,462,432,498,0.229342327,0.274074074,,,
981,459,433,497,0.224283305,0.266666667,,,
982,454,434,496,0.215851602,0.259259259,,,
983,451,434,496,0.21079258,0.259259259,,,
984,448,435,495,0.205733558,0.251851852,,,
985,444,436,494,0.198988196,0.244444444,,,
986,440,437,493,0.192242833,0.237037037,,,
987,436,438,492,0.18549747,0.22962963,,,
988,432,438,492,0.178752108,0.22962963,,,
989,429,440,490,0.173693086,0.214814815,,,
990,425,441,489,0.166947723,0.207407407,,,
991,421,441,489,0.160202361,0.207407407,,,
992,417,442,488,0.153456998,0.2,,,
993,414,443,487,0.148397976,0.192592593,,,
994,410,444,486,0.141652614,0.185185185,,,
995,407,444,486,0.136593592,0.185185185,,,
996,403,444,486,0.129848229,0.185185185,,,
997,400,445,485,0.124789207,0.177777778,,,
998,396,446,484,0.118043845,0.17037037,,,
999,393,446,484,0.112984823,0.17037037,,,
1000,389,447,483,0.10623946,0.162962963,,,
1001,385,448,482,0.099494098,0.155555556,,,
1002,382,448,482,0.094435076,0.155555556,,,
1003,378,449,481,0.087689713,0.148148148,,,
1004,375,450,480,0.082630691,0.140740741,,,
1005,371,451,479,0.075885329,0.133333333,,,
1006,367,451,479,0.069139966,0.133333333,,,
1007,364,451,479,0.064080944,0.133333333,,,
1008,360,452,478,0.057335582,0.125925926,,,
1009,356,453,477,0.050590219,0.118518519,,,
1010,352,454,476,0.043844857,0.111111111,,,
1011,349,455,475,0.038785835,0.103703704,,,
1012,345,455,475,0.032040472,0.103703704,,,
1013,342,456,474,0.02698145,0.096296296,,,
1014,338,456,474,0.020236088,0.096296296,,,
1015,335,457,473,0.015177066,0.088888889,,,
1016,331,457,473,0.008431703,0.088888889,,,
1017,328,459,471,0.003372681,0.074074074,,,
1018,326,460,470,0,0.066666667,,,
1019,326,461,469,0,0.059259259,,,
1020,326,460,470,0,0.066666667,,,
1021,326,461,469,0,0.059259259,,,
1022,326,462,468,0,0.051851852,,,
1023,326,462,468,0,0.051851852,,,
1024,326,463,467,0,0.044444444,,,
1025,326,463,467,0,0.044444444,,,
1026,327,464,466,0.001686341,0.037037037,,,
1027,326,464,466,0,0.037037037,,,
1028,326,464,466,0,0.037037037,,,
1029,326,464,466,0,0.037037037,,,
1030,326,464,466,0,0.037037037,,,
1031,326,464,466,0,0.037037037,,,
1032,326,464,466,0,0.037037037,,,
1033,326,464,466,0,0.037037037,,,
1034,326,464,466,0,0.037037037,,,
1035,326,464,466,0,0.037037037,,,
1036,326,465,465,0,0.02962963,,,
1037,326,465,465,0,0.02962963,,,
1038,326,465,465,0,0.02962963,,,
1039,326,466,464,0,0.022222222,,,
1040,326,466,464,0,0.022222222,,,
1041,326,466,464,0,0.022222222,,,
1042,326,467,463,0,0.014814815,,,
1043,326,467,463,0,0.014814815,,,
1044,326,467,463,0,0.014814815,,,
1045,326,468,462,0,0.007407407,,,
1046,326,468,462,0,0.007407407,,,
1047,326,468,462,0,0.007407407,,,
1048,326,468,462,0,0.007407407,,,
1049,326,468,462,0,0.007407407,,,
1050,326,468,462,0,0.007407407,,,
1051,326,469,461,0,0,,,
1052,326,469,461,0,0,,,
1053,326,469,461,0,0,,,
1054,326,469,461,0,0,,,
1055,326,469,461,0,0,,,
1056,326,468,462,0,0.007407407,,,
1057,326,469,461,0,0,,,
1058,326,469,461,0,0,,,
1059,326,469,461,0,0,,,
1060,326,469,461,0,0,,,
1061,326,469,461,0,0,,,
1062,326,469,461,0,0,,,
1063,326,469,461,0,0,,,
1064,326,469,461,0,0,,,
1065,326,469,461,0,0,,,
1066,326,469,461,0,0,,,
1067,326,469,461,0,0,,,
1068,326,469,461,0,0,,,
1069,326,469,461,0,0,,,
1070,326,469,461,0,0,,,
1071,326,469,461,0,0,,,
1072,326,469,461,0,0,,,
1073,326,469,461,0,0,,,
1074,326,469,461,0,0,,,
1075,326,469,461,0,0,,,
1076,326,469,461,0,0,,,
1077,326,469,461,0,0,,,
1078,326,469,461,0,0,,,
1079,326,469,461,0,0,,,
1080,326,469,461,0,0,,,
1081,326,469,461,0,0,,,
1082,326,469,461,0,0,,,
1083,326,469,461,0,0,,,
1084,326,469,461,0,0,,,
1085,326,469,461,0,0,,,
1086,326,469,461,0,0,,,
1087,326,469,461,0,0,,,
1088,326,469,461,0,0,,,
1089,326,468,462,0,0.007407407,,,
1090,326,469,461,0,0,,,
1091,326,469,461,0,0,,,
1092,326,469,461,0,0,,,
1093,326,468,462,0,0.007407407,,,
1094,327,468,462,0.001686341,0.007407407,,,
1095,326,469,461,0,0,,,
1096,326,469,461,0,0,,,
1097,327,469,461,0.001686341,0,,,
1098,326,469,461,0,0,,,
1099,326,469,461,0,0,,,
1100,326,468,462,0,0.007407407,,,
1101,326,468,462,0,0.007407407,,,
1102,326,469,461,0,0,,,
1103,326,469,461,0,0,,,
1104,326,469,461,0,0,,,
1105,326,469,461,0,0,,,
1106,326,469,461,0,0,,,
1107,326,469,461,0,0,,,
1108,326,469,461,0,0,,,
1109,326,469,461,0,0,,,
1110,326,469,461,0,0,,,
1111,326,469,461,0,0,,,
1112,326,469,461,0,0,,,
1113,326,469,461,0,0,,,
1114,326,469,461,0,0,,,
1115,326,469,461,0,0,,,
1116,326,469,461,0,0,,,
1117,326,469,461,0,0,,,
1118,326,469,461,0,0,,,
1119,326,468,462,0,0.007407407,,,
1120,326,469,461,0,0,,,
1121,326,468,462,0,0.007407407,,,
1122,326,469,461,0,0,,,
1123,326,469,461,0,0,,,
1124,326,469,461,0,0,,,
1125,326,469,461,0,0,,,
1126,326,469,461,0,0,,,
1127,326,469,461,0,0,,,
1128,326,469,461,0,0,,,
1129,326,469,461,0,0,,,
1130,326,469,461,0,0,,,
1131,326,469,461,0,0,,,
1132,326,469,461,0,0,,,
1133,326,468,462,0,0.007407407,,,
1134,326,469,461,0,0,,,
1135,326,469,461,0,0,,,
1136,326,469,461,0,0,,,
1137,326,469,461,0,0,,,
1138,326,468,462,0,0.007407407,,,
1139,326,468,462,0,0.007407407,,,
1140,326,469,461,0,0,,,
1141,326,469,461,0,0,,,
1142,326,469,461,0,0,,,
1143,326,468,462,0,0.007407407,,,
1144,326,469,461,0,0,,,
1145,326,469,461,0,0,,,
1146,326,469,461,0,0,,,
1147,326,469,461,0,0,,,
1148,326,469,461,0,0,,,
1149,326,469,461,0,0,,,
1150,326,469,461,0,0,,,
1151,326,468,462,0,0.007407407,,,
1152,326,469,461,0,0,,,
1153,326,469,461,0,0,,,
1154,326,469,461,0,0,,,
1155,326,469,461,0,0,,,
1156,326,468,462,0,0.007407407,,,
1157,326,469,461,0,0,,,
1158,326,469,461,0,0,,,
1159,326,469,461,0,0,,,
1160,326,469,461,0,0,,,
1161,326,469,461,0,0,,,
1162,326,469,461,0,0,,,
1163,326,469,461,0,0,,,
1164,326,468,462,0,0.007407407,,,
1165,326,469,461,0,0,,,
1166,326,469,461,0,0,,,
1167,326,469,461,0,0,,,
1168,326,469,461,0,0,,,
1169,326,469,461,0,0,,,
1170,326,468,462,0,0.007407407,,,
1171,326,469,461,0,0,,,
1172,326,469,461,0,0,,,
1173,326,469,461,0,0,,,
1174,326,469,461,0,0,,,
1175,326,469,461,0,0,,,
1176,326,469,461,0,0,,,
1177,326,469,461,0,0,,,
1178,326,469,461,0,0,,,
1179,326,469,461,0,0,,,
1180,326,468,462,0,0.007407407,,,
1181,326,469,461,0,0,,,
1182,326,469,461,0,0,,,
1183,326,469,461,0,0,,,
1184,326,469,461,0,0,,,
1185,326,469,461,0,0,,,
1186,327,469,461,0.001686341,0,,,
1187,326,469,461,0,0,,,
1188,326,469,461,0,0,,,
1189,326,469,461,0,0,,,
1190,326,469,461,0,0,,,
1191,326,469,461,0,0,,,
1192,326,469,461,0,0,,,
1193,326,468,462,0,0.007407407,,,
1194,326,469,461,0,0,,,
1195,326,468,462,0,0.007407407,,,
1196,326,469,461,0,0,,,
1197,326,469,461,0,0,,,
1198,326,469,461,0,0,,,
1199,326,469,461,0,0,,,
1200,326,469,461,0,0,,,
1201,326,468,462,0,0.007407407,,,
1202,326,468,462,0,0.007407407,,,
1203,326,469,461,0,0,,,
1204,326,469,461,0,0,,,
1205,326,469,461,0,0,,,
1206,326,468,462,0,0.007407407,,,
1207,326,469,461,0,0,,,
1208,326,469,461,0,0,,,
1209,326,469,461,0,0,,,
1210,326,469,461,0,0,,,
1211,326,468,462,0,0.007407407,,,
1212,327,469,461,0.001686341,0,,,