x (arbitrary),Main_Ped_Sens, Pot
1,327,465
2,327,465
3,327,465
4,327,465
5,327,465
6,327,465
7,328,465
8,327,465
9,327,465
10,327,465
11,327,465
12,327,465
13,327,465
14,327,465
15,328,465
16,327,465
17,327,465
18,327,465
19,327,465
20,327,465
21,327,465
22,327,465
23,327,465
24,327,465
25,327,465
26,327,465
27,327,465
28,327,465
29,327,465
30,327,465
31,327,465
32,327,465
33,327,465
34,327,465
35,327,465
36,327,465
37,327,465
38,327,465
39,327,465
40,327,465
41,327,465
42,327,465
43,327,465
44,327,465
45,327,465
46,327,465
47,328,465
48,327,465
49,327,465
50,327,465
51,327,465
52,327,465
53,327,465
54,327,465
55,327,465
56,327,465
57,327,465
58,327,465
59,327,465
60,327,465
61,327,465
62,327,465
63,327,465
64,327,465
65,327,465
66,327,465
67,327,465
68,327,465
69,327,465
70,327,465
71,327,465
72,327,465
73,327,465
74,327,465
75,327,465
76,327,465
77,327,465
78,327,465
79,327,465
80,327,465
81,327,465
82,327,465
83,327,465
84,327,465
85,327,465
86,327,465
87,327,465
88,327,465
89,327,465
90,327,465
91,327,465
92,328,465
93,327,465
94,327,465
95,327,465
96,327,465
97,328,465
98,327,465
99,327,465
100,327,465
101,327,465
102,327,465
103,327,465
104,327,466
105,327,465
106,327,465
107,327,465
108,327,465
109,327,465
110,327,465
111,327,465
112,327,465
113,327,465
114,327,465
115,327,465
116,327,465
117,327,465
118,327,465
119,327,465
120,327,465
121,327,465
122,327,465
123,327,465
124,327,465
125,327,465
126,327,465
127,327,465
128,327,465
129,327,465
130,327,465
131,327,465
132,327,465
133,327,465
134,327,465
135,327,465
136,327,465
137,327,465
138,327,465
139,327,465
140,327,465
141,327,465
142,327,465
143,327,465
144,327,465
145,327,465
146,327,465
147,327,465
148,327,465
149,327,465
150,327,465
151,327,465
152,327,465
153,327,465
154,327,465
155,327,465
156,327,465
157,327,465
158,327,465
159,327,464
160,328,465
161,327,465
162,327,465
163,327,465
164,327,465
165,327,465
166,327,465
167,327,465
168,327,465
169,327,465
170,327,465
171,327,465
172,327,465
173,327,465
174,327,465
175,327,465
176,327,465
177,327,465
178,327,465
179,327,465
180,327,465
181,327,465
182,327,465
183,327,465
184,327,465
185,327,465
186,327,465
187,327,465
188,327,465
189,327,465
190,327,465
191,327,465
192,327,465
193,327,465
194,327,465
195,327,465
196,328,465
197,328,465
198,327,465
199,327,465
200,327,465
201,327,465
202,327,465
203,327,465
204,327,465
205,327,465
206,327,465
207,327,465
208,327,465
209,327,465
210,327,465
211,327,465
212,327,465
213,327,465
214,327,465
215,327,465
216,327,465
217,327,465
218,327,465
219,328,465
220,327,465
221,327,465
222,328,465
223,327,465
224,327,465
225,327,465
226,327,465
227,327,465
228,327,465
229,327,465
230,327,465
231,327,465
232,327,465
233,327,465
234,327,465
235,327,465
236,327,465
237,327,465
238,327,465
239,327,465
240,327,464
241,327,465
242,327,465
243,327,465
244,327,465
245,327,465
246,327,465
247,327,465
248,327,465
249,327,465
250,327,465
251,327,465
252,327,465
253,327,464
254,327,465
255,327,465
256,327,465
257,327,465
258,327,465
259,327,465
260,327,465
261,327,465
262,327,465
263,327,465
264,327,465
265,327,465
266,327,465
267,327,464
268,327,464
269,327,465
270,327,465
271,327,465
272,327,464
273,327,464
274,327,464
275,327,464
276,327,465
277,327,464
278,327,464
279,327,464
280,327,464
281,327,464
282,327,464
283,327,464
284,327,464
285,327,464
286,327,464
287,327,464
288,327,464
289,327,464
290,329,464
291,329,464
292,330,464
293,329,464
294,330,464
295,330,464
296,330,464
297,331,464
298,332,464
299,332,464
300,332,464
301,333,463
302,333,463
303,334,463
304,335,463
305,335,463
306,337,463
307,338,463
308,338,463
309,339,462
310,340,462
311,341,462
312,343,462
313,344,461
314,345,462
315,346,461
316,347,461
317,349,461
318,350,460
319,352,460
320,354,460
321,357,459
322,359,458
323,362,457
324,365,457
325,368,456
326,372,456
327,375,455
328,379,455
329,382,454
330,386,453
331,390,452
332,394,451
333,398,451
334,402,450
335,406,450
336,409,450
337,411,449
338,413,449
339,415,449
340,415,448
341,418,448
342,419,447
343,421,447
344,424,447
345,426,446
346,427,446
347,429,445
348,431,445
349,433,445
350,436,444
351,438,444
352,440,444
353,443,444
354,445,443
355,447,443
356,450,443
357,452,442
358,454,441
359,456,441
360,459,440
361,460,440
362,463,439
363,466,438
364,468,437
365,471,437
366,473,437
367,475,436
368,478,436
369,481,435
370,483,434
371,485,434
372,488,433
373,491,433
374,493,432
375,496,432
376,499,431
377,501,431
378,505,430
379,507,429
380,510,429
381,512,428
382,515,428
383,518,427
384,520,427
385,523,426
386,526,426
387,528,425
388,531,424
389,534,424
390,537,423
391,540,423
392,542,422
393,545,421
394,547,421
395,551,420
396,554,420
397,556,419
398,559,418
399,562,418
400,564,417
401,568,417
402,570,416
403,573,415
404,576,415
405,579,414
406,582,413
407,585,413
408,588,412
409,592,411
410,595,411
411,598,410
412,601,409
413,604,409
414,607,408
415,610,407
416,613,407
417,616,406
418,619,405
419,622,404
420,626,404
421,629,403
422,632,402
423,635,401
424,639,401
425,642,400
426,645,400
427,648,400
428,652,399
429,654,398
430,658,397
431,661,396
432,664,395
433,668,395
434,671,395
435,674,394
436,678,393
437,682,392
438,684,391
439,687,391
440,691,390
441,695,390
442,698,389
443,702,388
444,705,388
445,709,387
446,712,386
447,716,385
448,719,384
449,722,384
450,726,383
451,729,382
452,732,381
453,737,380
454,740,380
455,744,379
456,747,378
457,750,378
458,754,377
459,758,376
460,761,375
461,765,375
462,768,374
463,772,373
464,775,372
465,779,371
466,783,371
467,786,370
468,790,369
469,794,368
470,797,367
471,801,366
472,805,366
473,807,365
474,811,364
475,814,363
476,817,362
477,822,361
478,825,360
479,827,360
480,831,359
481,834,358
482,838,357
483,841,357
484,844,355
485,848,355
486,851,354
487,854,354
488,857,353
489,860,352
490,859,351
491,863,351
492,862,350
493,864,349
494,859,348
495,859,348
496,868,347
497,869,346
498,872,346
499,874,345
500,875,345
501,875,345
502,875,345
503,875,344
504,875,344
505,876,344
506,875,344
507,876,344
508,876,343
509,877,343
510,877,343
511,877,342
512,877,342
513,878,342
514,879,342
515,880,342
516,881,341
517,882,341
518,884,341
519,885,341
520,886,341
521,887,340
522,889,339
523,893,338
524,895,337
525,898,337
526,902,335
527,906,335
528,909,335
529,913,335
530,915,335
531,918,335
532,918,335
533,919,335
534,919,335
535,918,334
536,919,335
537,918,335
538,918,335
539,918,335
540,918,335
541,919,335
542,918,335
543,918,335
544,918,335
545,919,335
546,918,335
547,918,335
548,918,335
549,918,335
550,918,335
551,918,335
552,918,335
553,918,334
554,917,335
555,918,335
556,918,335
557,917,335
558,918,335
559,918,335
560,917,335
561,918,335
562,917,335
563,918,335
564,917,335
565,918,335
566,917,335
567,917,335
568,917,335
569,917,335
570,918,335
571,917,335
572,917,335
573,917,335
574,917,335
575,916,335
576,916,335
577,917,335
578,917,335
579,916,335
580,916,335
581,916,335
582,916,335
583,915,335
584,915,335
585,915,335
586,914,335
587,914,335
588,913,336
589,912,336
590,910,336
591,909,336
592,907,337
593,905,338
594,903,339
595,900,339
596,898,339
597,896,339
598,893,339
599,892,339
600,892,339
601,890,339
602,890,339
603,889,339
604,888,339
605,887,339
606,887,340
607,886,339
608,886,339
609,886,339
610,885,339
611,884,340
612,883,339
613,883,340
614,883,340
615,883,340
616,883,340
617,882,340
618,882,340
619,881,340
620,880,341
621,879,341
622,879,341
623,879,341
624,877,341
625,877,341
626,876,341
627,876,342
628,875,342
629,875,342
630,874,342
631,874,342
632,875,342
633,874,342
634,874,342
635,874,342
636,874,342
637,874,342
638,874,342
639,873,342
640,874,342
641,874,342
642,873,342
643,874,342
644,873,342
645,873,342
646,874,342
647,873,342
648,873,342
649,873,342
650,873,342
651,873,342
652,873,342
653,873,342
654,873,342
655,873,342
656,873,342
657,873,342
658,872,342
659,872,342
660,872,342
661,872,342
662,873,342
663,872,342
664,872,342
665,872,342
666,871,342
667,872,342
668,871,342
669,871,342
670,871,343
671,871,342
672,871,343
673,871,343
674,871,343
675,870,343
676,871,343
677,870,343
678,871,343
679,870,343
680,870,343
681,870,343
682,870,343
683,869,343
684,869,343
685,869,343
686,869,343
687,869,343
688,869,344
689,869,343
690,869,343
691,869,343
692,868,343
693,868,344
694,869,343
695,868,343
696,868,343
697,868,343
698,869,343
699,868,344
700,869,343
701,869,343
702,868,344
703,868,343
704,868,344
705,868,344
706,867,344
707,868,344
708,867,344
709,867,344
710,867,344
711,867,344
712,867,344
713,867,344
714,867,344
715,867,344
716,868,344
717,867,344
718,867,344
719,868,344
720,867,344
721,867,344
722,866,344
723,866,344
724,866,344
725,866,344
726,865,344
727,866,345
728,866,344
729,865,345
730,865,345
731,865,345
732,865,345
733,864,345
734,866,345
735,865,345
736,864,345
737,865,345
738,865,345
739,864,345
740,864,345
741,865,345
742,864,345
743,864,345
744,864,345
745,864,345
746,864,345
747,864,345
748,864,345
749,863,345
750,864,345
751,863,345
752,864,345
753,863,345
754,863,345
755,863,345
756,863,345
757,863,345
758,863,345
759,863,345
760,863,345
761,863,345
762,863,345
763,863,345
764,863,345
765,863,345
766,862,345
767,863,345
768,862,345
769,863,345
770,862,346
771,862,346
772,862,346
773,863,346
774,862,345
775,862,346
776,862,346
777,863,346
778,862,346
779,862,346
780,862,346
781,862,346
782,862,346
783,862,346
784,862,346
785,862,346
786,861,346
787,862,346
788,862,346
789,861,346
790,861,346
791,861,346
792,861,346
793,861,346
794,862,346
795,862,346
796,861,346
797,861,346
798,861,346
799,861,346
800,861,346
801,861,346
802,861,346
803,861,346
804,860,346
805,861,346
806,860,346
807,860,346
808,860,346
809,861,346
810,860,346
811,860,346
812,860,346
813,860,346
814,860,346
815,859,346
816,859,346
817,859,347
818,859,347
819,858,347
820,859,347
821,858,347
822,858,347
823,857,347
824,856,347
825,856,347
826,856,347
827,856,347
828,855,348
829,854,348
830,854,348
831,854,348
832,853,348
833,852,348
834,852,348
835,852,348
836,851,348
837,850,349
838,850,349
839,848,349
840,848,349
841,847,349
842,846,349
843,845,350
844,846,350
845,844,350
846,842,350
847,843,351
848,840,351
849,839,351
850,839,351
851,837,352
852,836,352
853,835,353
854,834,353
855,832,353
856,831,353
857,830,354
858,829,354
859,828,354
860,826,354
861,824,355
862,823,355
863,822,355
864,820,356
865,818,356
866,817,356
867,815,357
868,814,357
869,812,358
870,810,358
871,808,358
872,807,359
873,805,359
874,803,360
875,801,360
876,800,361
877,798,361
878,795,361
879,793,362
880,791,362
881,789,363
882,787,363
883,784,364
884,782,365
885,780,365
886,777,366
887,775,366
888,773,366
889,770,367
890,768,368
891,766,369
892,763,370
893,760,371
894,758,371
895,755,371
896,752,371
897,749,372
898,747,373
899,744,373
900,742,374
901,738,375
902,736,375
903,732,376
904,730,377
905,727,377
906,723,378
907,721,378
908,718,379
909,714,380
910,711,380
911,708,381
912,705,381
913,703,382
914,699,383
915,696,384
916,692,384
917,690,385
918,686,386
919,683,386
920,680,387
921,676,388
922,673,389
923,670,389
924,666,390
925,662,391
926,659,391
927,656,392
928,652,393
929,649,394
930,646,394
931,642,395
932,639,395
933,635,396
934,631,397
935,628,398
936,624,399
937,621,400
938,617,400
939,614,400
940,610,401
941,607,402
942,603,402
943,599,403
944,596,404
945,592,404
946,589,405
947,585,406
948,581,407
949,578,408
950,574,409
951,570,410
952,566,410
953,563,411
954,559,412
955,555,412
956,552,413
957,548,414
958,545,415
959,540,416
960,537,417
961,533,418
962,529,419
963,526,419
964,522,420
965,518,421
966,515,422
967,510,422
968,506,423
969,504,424
970,499,425
971,496,425
972,492,426
973,488,427
974,484,428
975,481,428
976,477,429
977,473,430
978,469,431
979,465,432
980,462,432
981,459,433
982,454,434
983,451,434
984,448,435
985,444,436
986,440,437
987,436,438
988,432,438
989,429,440
990,425,441
991,421,441
992,417,442
993,414,443
994,410,444
995,407,444
996,403,444
997,400,445
998,396,446
999,393,446
1000,389,447
1001,385,448
1002,382,448
1003,378,449
1004,375,450
1005,371,451
1006,367,451
1007,364,451
1008,360,452
1009,356,453
1010,352,454
1011,349,455
1012,345,455
1013,342,456
1014,338,456
1015,335,457
1016,331,457
1017,328,459
1018,326,460
1019,326,461
1020,326,460
1021,326,461
1022,326,462
1023,326,462
1024,326,463
1025,326,463
1026,327,464
1027,326,464
1028,326,464
1029,326,464
1030,326,464
1031,326,464
1032,326,464
1033,326,464
1034,326,464
1035,326,464
1036,326,465
1037,326,465
1038,326,465
1039,326,466
1040,326,466
1041,326,466
1042,326,467
1043,326,467
1044,326,467
1045,326,468
1046,326,468
1047,326,468
1048,326,468
1049,326,468
1050,326,468
1051,326,469
1052,326,469
1053,326,469
1054,326,469
1055,326,469
1056,326,468
1057,326,469
1058,326,469
1059,326,469
1060,326,469
1061,326,469
1062,326,469
1063,326,469
1064,326,469
1065,326,469
1066,326,469
1067,326,469
1068,326,469
1069,326,469
1070,326,469
1071,326,469
1072,326,469
1073,326,469
1074,326,469
1075,326,469
1076,326,469
1077,326,469
1078,326,469
1079,326,469
1080,326,469
1081,326,469
1082,326,469
1083,326,469
1084,326,469
1085,326,469
1086,326,469
1087,326,469
1088,326,469
1089,326,468
1090,326,469
1091,326,469
1092,326,469
1093,326,468
1094,327,468
1095,326,469
1096,326,469
1097,327,469
1098,326,469
1099,326,469
1100,326,468
1101,326,468
1102,326,469
1103,326,469
1104,326,469
1105,326,469
1106,326,469
1107,326,469
1108,326,469
1109,326,469
1110,326,469
1111,326,469
1112,326,469
1113,326,469
1114,326,469
1115,326,469
1116,326,469
1117,326,469
1118,326,469
1119,326,468
1120,326,469
1121,326,468
1122,326,469
1123,326,469
1124,326,469
1125,326,469
1126,326,469
1127,326,469
1128,326,469
1129,326,469
1130,326,469
1131,326,469
1132,326,469
1133,326,468
1134,326,469
1135,326,469
1136,326,469
1137,326,469
1138,326,468
1139,326,468
1140,326,469
1141,326,469
1142,326,469
1143,326,468
1144,326,469
1145,326,469
1146,326,469
1147,326,469
1148,326,469
1149,326,469
1150,326,469
1151,326,468
1152,326,469
1153,326,469
1154,326,469
1155,326,469
1156,326,468
1157,326,469
1158,326,469
1159,326,469
1160,326,469
1161,326,469
1162,326,469
1163,326,469
1164,326,468
1165,326,469
1166,326,469
1167,326,469
1168,326,469
1169,326,469
1170,326,468
1171,326,469
1172,326,469
1173,326,469
1174,326,469
1175,326,469
1176,326,469
1177,326,469
1178,326,469
1179,326,469
1180,326,468
1181,326,469
1182,326,469
1183,326,469
1184,326,469
1185,326,469
1186,327,469
1187,326,469
1188,326,469
1189,326,469
1190,326,469
1191,326,469
1192,326,469
1193,326,468
1194,326,469
1195,326,468
1196,326,469
1197,326,469
1198,326,469
1199,326,469
1200,326,469
1201,326,468
1202,326,468
1203,326,469
1204,326,469
1205,326,469
1206,326,468
1207,326,469
1208,326,469
1209,326,469
1210,326,469
1211,326,468
1212,327,469